ticker,name,type,exchange,currency,sector,universe,asset_class
10X.AX,Exultant Mining Limited,equity,Australia,AUD,Materials,asx_listed,Equities
14D.AX,1414 Degrees Limited,equity,Australia,AUD,Industrials,asx_listed,Equities
1AD.AX,Adalta Limited,equity,Australia,AUD,Health Care,asx_listed,Equities
1AE.AX,Aurora Energy Metals Limited,equity,Australia,AUD,Materials,asx_listed,Equities
1AI.AX,Algorae Pharmaceuticals Limited,equity,Australia,AUD,Health Care,asx_listed,Equities
1CG.AX,One Click Group Limited,equity,Australia,AUD,Industrials,asx_listed,Equities
1MC.AX,Morella Corporation Limited,equity,Australia,AUD,Materials,asx_listed,Equities
1TT.AX,Thrive Tribe Technologies Limited,equity,Australia,AUD,Information Technology,asx_listed,Equities
29M.AX,29Metals Limited,equity,Australia,AUD,Materials,asx_listed,Equities
360.AX,Life360 Inc.,equity,Australia,AUD,Information Technology,asx_listed,Equities
3DA.AX,Amaero Inc.,equity,Australia,AUD,Industrials,asx_listed,Equities
3DP.AX,Pointerra Limited,equity,Australia,AUD,Information Technology,asx_listed,Equities
3PL.AX,3P Learning Limited..,equity,Australia,AUD,Consumer Discretionary,asx_listed,Equities
49M.AX,49 Metals Limited,equity,Australia,AUD,Materials,asx_listed,Equities
4DS.AX,4Ds Memory Limited,equity,Australia,AUD,Information Technology,asx_listed,Equities
4DX.AX,4Dmedical Limited,equity,Australia,AUD,Health Care,asx_listed,Equities
5GG.AX,Pentanet Limited,equity,Australia,AUD,Communication Services,asx_listed,Equities
5GN.AX,5G Networks Limited.,equity,Australia,AUD,Information Technology,asx_listed,Equities
6KA.AX,"6K Additive, Inc.",equity,Australia,AUD,Materials,asx_listed,Equities
88E.AX,88 Energy Limited,equity,Australia,AUD,Energy,asx_listed,Equities
8CO.AX,8Common Limited,equity,Australia,AUD,Information Technology,asx_listed,Equities
8IH.AX,8I Holdings Ltd,equity,Australia,AUD,Financials,asx_listed,Equities
A11.AX,Atlantic Lithium Limited,equity,Australia,AUD,Materials,asx_listed,Equities
A1M.AX,Aic Mines Limited,equity,Australia,AUD,Materials,asx_listed,Equities
A1N.AX,Arn Media Limited,equity,Australia,AUD,Communication Services,asx_listed,Equities
A2M.AX,The A2 Milk Company Limited,equity,Australia,AUD,Consumer Staples,asx_listed,Equities
A3D.AX,Aurora Labs Limited,equity,Australia,AUD,Industrials,asx_listed,Equities
A4N.AX,Alpha Hpa Limited,equity,Australia,AUD,Materials,asx_listed,Equities
A8G.AX,Australasian Metals Limited,equity,Australia,AUD,Materials,asx_listed,Equities
AA2.AX,Ariana Resources Plc,equity,Australia,AUD,Materials,asx_listed,Equities
AAC.AX,Australian Agricultural Company Limited.,equity,Australia,AUD,Consumer Staples,asx_listed,Equities
AAI.AX,Alcoa Corporation,equity,Australia,AUD,Materials,asx_listed,Equities
AAJ.AX,Aruma Resources Limited,equity,Australia,AUD,Materials,asx_listed,Equities
AAL.AX,Alfabs Australia Limited,equity,Australia,AUD,Industrials,asx_listed,Equities
AAM.AX,Aumega Metals Ltd,equity,Australia,AUD,Materials,asx_listed,Equities
AAP.AX,Australian Agricultural Projects Limited,equity,Australia,AUD,Consumer Staples,asx_listed,Equities
AAR.AX,Astral Resources Nl,equity,Australia,AUD,Materials,asx_listed,Equities
AAU.AX,Antilles Gold Limited,equity,Australia,AUD,Materials,asx_listed,Equities
ABB.AX,Aussie Broadband Limited,equity,Australia,AUD,Communication Services,asx_listed,Equities
ABE.AX,Australian Bond Exchange Holdings Limited,equity,Australia,AUD,Financials,asx_listed,Equities
ABG.AX,Abacus Group,equity,Australia,AUD,Real Estate,asx_listed,Equities
ABR.AX,Albright Metals Ltd,equity,Australia,AUD,Materials,asx_listed,Equities
ABV.AX,Advanced Braking Technology Ltd,equity,Australia,AUD,Consumer Discretionary,asx_listed,Equities
ABX.AX,Abx Group Limited,equity,Australia,AUD,Materials,asx_listed,Equities
ABY.AX,Adore Beauty Group Limited,equity,Australia,AUD,Consumer Discretionary,asx_listed,Equities
ACE.AX,Acusensus Limited.,equity,Australia,AUD,Information Technology,asx_listed,Equities
ACF.AX,Acrow Limited,equity,Australia,AUD,Industrials,asx_listed,Equities
ACL.AX,Australian Clinical Labs Limited,equity,Australia,AUD,Health Care,asx_listed,Equities
ACM.AX,Australian Critical Minerals Limited,equity,Australia,AUD,Materials,asx_listed,Equities
ACP.AX,Audalia Resources Limited,equity,Australia,AUD,Materials,asx_listed,Equities
ACQ.AX,Acorn Capital Investment Fund Limited,equity,Australia,AUD,,asx_listed,Equities
ACR.AX,Acrux Limited,equity,Australia,AUD,Health Care,asx_listed,Equities
ACS.AX,Accent Resources Nl,equity,Australia,AUD,Materials,asx_listed,Equities
ACU.AX,Acumentis Group Limited,equity,Australia,AUD,Real Estate,asx_listed,Equities
ACW.AX,Actinogen Medical Limited,equity,Australia,AUD,Health Care,asx_listed,Equities
AD1.AX,Adneo Limited,equity,Australia,AUD,Communication Services,asx_listed,Equities
AD8.AX,Audinate Group Limited,equity,Australia,AUD,Information Technology,asx_listed,Equities
ADC.AX,Acdc Metals Ltd,equity,Australia,AUD,Materials,asx_listed,Equities
ADD.AX,Adavale Resources Limited,equity,Australia,AUD,Energy,asx_listed,Equities
ADH.AX,Adairs Limited,equity,Australia,AUD,Consumer Discretionary,asx_listed,Equities
ADN.AX,Andromeda Metals Limited,equity,Australia,AUD,Materials,asx_listed,Equities
ADO.AX,Anteotech Ltd,equity,Australia,AUD,Health Care,asx_listed,Equities
ADR.AX,Adherium Limited,equity,Australia,AUD,Health Care,asx_listed,Equities
ADS.AX,Adslot Ltd.,equity,Australia,AUD,Information Technology,asx_listed,Equities
ADX.AX,Adx Energy Ltd,equity,Australia,AUD,Energy,asx_listed,Equities
ADY.AX,Admiralty Resources Nl.,equity,Australia,AUD,Materials,asx_listed,Equities
AEE.AX,Aura Energy Limited,equity,Australia,AUD,Energy,asx_listed,Equities
AEF.AX,Australian Ethical Investment Limited,equity,Australia,AUD,Financials,asx_listed,Equities
AEG.AX,Aland Equity Group Limited,equity,Australia,AUD,Financials,asx_listed,Equities
AEI.AX,Aeris Environmental Ltd,equity,Australia,AUD,Industrials,asx_listed,Equities
AEL.AX,Amplitude Energy Limited,equity,Australia,AUD,Energy,asx_listed,Equities
AEM.AX,Advanced Engineered Materials Ltd,equity,Australia,AUD,Materials,asx_listed,Equities
AER.AX,Aeeris Ltd,equity,Australia,AUD,Communication Services,asx_listed,Equities
AEU.AX,Atomic Eagle Ltd,equity,Australia,AUD,Materials,asx_listed,Equities
AEV.AX,Avenira Limited,equity,Australia,AUD,Materials,asx_listed,Equities
AEVN.AX,Avenira Limited,equity,Australia,AUD,Materials,asx_listed,Equities
AFA.AX,Asf Group Limited,equity,Australia,AUD,Financials,asx_listed,Equities
AFG.AX,Australian Finance Group Ltd,equity,Australia,AUD,Financials,asx_listed,Equities
AFI.AX,Australian Foundation Investment Company Limited,equity,Australia,AUD,,asx_listed,Equities
AFL.AX,Af Legal Group Ltd,equity,Australia,AUD,Industrials,asx_listed,Equities
AFP.AX,Aft Pharmaceuticals Limited,equity,Australia,AUD,Health Care,asx_listed,Equities
AGC.AX,Australian Gold And Copper Ltd,equity,Australia,AUD,Materials,asx_listed,Equities
AGD.AX,Austral Gold Limited,equity,Australia,AUD,Materials,asx_listed,Equities
AGE.AX,Alligator Energy Limited,equity,Australia,AUD,Energy,asx_listed,Equities
AGI.AX,Ainsworth Game Technology Limited,equity,Australia,AUD,Consumer Discretionary,asx_listed,Equities
AGL.AX,Agl Energy Limited.,equity,Australia,AUD,Utilities,asx_listed,Equities
AGN.AX,Argenica Therapeutics Limited,equity,Australia,AUD,Health Care,asx_listed,Equities
AGR.AX,Aguia Resources Limited,equity,Australia,AUD,Materials,asx_listed,Equities
AGY.AX,Argosy Minerals Limited,equity,Australia,AUD,Materials,asx_listed,Equities
AHC.AX,Austco Healthcare Limited,equity,Australia,AUD,Health Care,asx_listed,Equities
AHE.AX,Adheris Health Limited,equity,Australia,AUD,Health Care,asx_listed,Equities
AHF.AX,Australian Dairy Nutritionals Limited,equity,Australia,AUD,Consumer Staples,asx_listed,Equities
AHK.AX,Ark Mines Limited,equity,Australia,AUD,Materials,asx_listed,Equities
AHL.AX,Adrad Holdings Limited,equity,Australia,AUD,Consumer Discretionary,asx_listed,Equities
AHN.AX,Athena Resources Limited,equity,Australia,AUD,Materials,asx_listed,Equities
AI1.AX,Adisyn Ltd,equity,Australia,AUD,Information Technology,asx_listed,Equities
AIA.AX,Auckland International Airport Limited,equity,Australia,AUD,Industrials,asx_listed,Equities
AIH.AX,Advanced Innergy Holdings Limited,equity,Australia,AUD,Industrials,asx_listed,Equities
AIM.AX,Ai-Media Technologies Limited,equity,Australia,AUD,Information Technology,asx_listed,Equities
AIQ.AX,Alternative Investment Trust,equity,Australia,AUD,,asx_listed,Equities
AIS.AX,Aeris Resources Limited,equity,Australia,AUD,Materials,asx_listed,Equities
AIV.AX,Activex Limited,equity,Australia,AUD,Materials,asx_listed,Equities
AIX.AX,Ai Private Opportunities Trust,equity,Australia,AUD,,asx_listed,Equities
AIZ.AX,Air New Zealand Limited,equity,Australia,AUD,Industrials,asx_listed,Equities
AJL.AX,Aj Lucas Group Limited,equity,Australia,AUD,Industrials,asx_listed,Equities
AJX.AX,Alexium International Group Limited,equity,Australia,AUD,Materials,asx_listed,Equities
AKA.AX,Aureka Limited,equity,Australia,AUD,Materials,asx_listed,Equities
AKG.AX,Academies Australasia Group Limited,equity,Australia,AUD,Consumer Discretionary,asx_listed,Equities
AKM.AX,Aspire Mining Limited,equity,Australia,AUD,Materials,asx_listed,Equities
AKN.AX,Auking Mining Limited,equity,Australia,AUD,Materials,asx_listed,Equities
AKO.AX,Akora Resources Limited,equity,Australia,AUD,Materials,asx_listed,Equities
AL3.AX,Aml3D Limited,equity,Australia,AUD,Industrials,asx_listed,Equities
ALA.AX,Arovella Therapeutics Limited,equity,Australia,AUD,Health Care,asx_listed,Equities
ALB.AX,Albion Resources Limited,equity,Australia,AUD,Materials,asx_listed,Equities
ALC.AX,Alcidion Group Limited,equity,Australia,AUD,Health Care,asx_listed,Equities
ALD.AX,Ampol Limited,equity,Australia,AUD,Energy,asx_listed,Equities
ALI.AX,Argo Global Listed Infrastructure Limited,equity,Australia,AUD,,asx_listed,Equities
ALK.AX,Alkane Resources Limited,equity,Australia,AUD,Materials,asx_listed,Equities
ALL.AX,Aristocrat Leisure Limited,equity,Australia,AUD,Consumer Discretionary,asx_listed,Equities
ALM.AX,Alma Metals Limited,equity,Australia,AUD,Energy,asx_listed,Equities
ALQ.AX,Als Limited,equity,Australia,AUD,Industrials,asx_listed,Equities
ALR.AX,Altair Minerals Limited,equity,Australia,AUD,Materials,asx_listed,Equities
ALU.AX,Alurion Resources Limited,equity,Australia,AUD,Materials,asx_listed,Equities
ALV.AX,Alvo Minerals Limited,equity,Australia,AUD,Materials,asx_listed,Equities
ALX.AX,Atlas Arteria,equity,Australia,AUD,Industrials,asx_listed,Equities
ALY.AX,Alchemy Resources Limited,equity,Australia,AUD,Materials,asx_listed,Equities
AM3.AX,Amara Minerals Limited,equity,Australia,AUD,Materials,asx_listed,Equities
AM5.AX,Antares Metals Limited,equity,Australia,AUD,Materials,asx_listed,Equities
AM7.AX,Arcadia Minerals Limited,equity,Australia,AUD,Materials,asx_listed,Equities
AMA.AX,Ama Group Limited,equity,Australia,AUD,Industrials,asx_listed,Equities
AMC.AX,Amcor Plc,equity,Australia,AUD,Materials,asx_listed,Equities
AMD.AX,Arrow Minerals Ltd,equity,Australia,AUD,Materials,asx_listed,Equities
AMH.AX,Amcil Limited,equity,Australia,AUD,,asx_listed,Equities
AMI.AX,Aurelia Metals Limited,equity,Australia,AUD,Materials,asx_listed,Equities
AMK.AX,Almasar Minerals Limited,equity,Australia,AUD,Materials,asx_listed,Equities
AMN.AX,Agrimin Limited,equity,Australia,AUD,Materials,asx_listed,Equities
AMO.AX,Ambertech Limited,equity,Australia,AUD,Information Technology,asx_listed,Equities
AMP.AX,Amp Limited,equity,Australia,AUD,Financials,asx_listed,Equities
AMS.AX,Atomos Limited,equity,Australia,AUD,Consumer Discretionary,asx_listed,Equities
AMU.AX,American Uranium Ltd,equity,Australia,AUD,Materials,asx_listed,Equities
AMX.AX,Aerometrex Limited,equity,Australia,AUD,Industrials,asx_listed,Equities
AN1.AX,Anagenics Limited,equity,Australia,AUD,Health Care,asx_listed,Equities
ANG.AX,Austin Engineering Limited,equity,Australia,AUD,Industrials,asx_listed,Equities
ANN.AX,Ansell Limited,equity,Australia,AUD,Health Care,asx_listed,Equities
ANO.AX,Advance Zinctek Limited,equity,Australia,AUD,Materials,asx_listed,Equities
ANR.AX,Anatara Lifesciences Ltd,equity,Australia,AUD,Health Care,asx_listed,Equities
ANX.AX,Anax Metals Limited,equity,Australia,AUD,Materials,asx_listed,Equities
ANZ.AX,Anz Group Holdings Limited,equity,Australia,AUD,Financials,asx_listed,Equities
AOA.AX,Ausmon Resources Limited,equity,Australia,AUD,Materials,asx_listed,Equities
AOK.AX,Australian Oil Company Limited.,equity,Australia,AUD,Energy,asx_listed,Equities
AON.AX,Apollo Minerals Limited,equity,Australia,AUD,Materials,asx_listed,Equities
AOV.AX,Amotiv Limited,equity,Australia,AUD,Consumer Discretionary,asx_listed,Equities
APA.AX,Apa Group,equity,Australia,AUD,Utilities,asx_listed,Equities
APC.AX,Apc Minerals Limited,equity,Australia,AUD,Materials,asx_listed,Equities
APE.AX,Eagers Automotive Limited,equity,Australia,AUD,Consumer Discretionary,asx_listed,Equities
APL.AX,Associate Global Partners Limited,equity,Australia,AUD,Financials,asx_listed,Equities
APW.AX,Aims Property Securities Fund,equity,Australia,AUD,Real Estate,asx_listed,Equities
APX.AX,Appen Limited,equity,Australia,AUD,Information Technology,asx_listed,Equities
APZ.AX,Aspen Group,equity,Australia,AUD,Real Estate,asx_listed,Equities
AQC.AX,Australian Pacific Coal Limited,equity,Australia,AUD,Materials,asx_listed,Equities
AQD.AX,Ausquest Limited,equity,Australia,AUD,Materials,asx_listed,Equities
AQN.AX,Aquirian Limited,equity,Australia,AUD,Industrials,asx_listed,Equities
AQX.AX,Alice Queen Limited,equity,Australia,AUD,Materials,asx_listed,Equities
AQZ.AX,Alliance Aviation Services Limited,equity,Australia,AUD,Industrials,asx_listed,Equities
AR1.AX,Austral Resources Australia Ltd,equity,Australia,AUD,Materials,asx_listed,Equities
AR3.AX,Australian Rare Earths Limited,equity,Australia,AUD,Materials,asx_listed,Equities
AR9.AX,Archtis Limited,equity,Australia,AUD,Information Technology,asx_listed,Equities
ARA.AX,Ariadne Australia Limited,equity,Australia,AUD,Industrials,asx_listed,Equities
ARB.AX,Arb Corporation Limited.,equity,Australia,AUD,Consumer Discretionary,asx_listed,Equities
ARC.AX,Arc Funds Limited,equity,Australia,AUD,Financials,asx_listed,Equities
ARD.AX,Argent Minerals Limited,equity,Australia,AUD,Materials,asx_listed,Equities
ARF.AX,Arena Reit.,equity,Australia,AUD,Real Estate,asx_listed,Equities
ARG.AX,Argo Investments Limited,equity,Australia,AUD,,asx_listed,Equities
ARI.AX,Arika Resources Limited,equity,Australia,AUD,Materials,asx_listed,Equities
ARL.AX,Ardea Resources Limited,equity,Australia,AUD,Materials,asx_listed,Equities
ARN.AX,Aldoro Resources Limited,equity,Australia,AUD,Materials,asx_listed,Equities
ARO.AX,Altoro Metals Limited,equity,Australia,AUD,Materials,asx_listed,Equities
ARR.AX,American Rare Earths Limited,equity,Australia,AUD,Materials,asx_listed,Equities
ART.AX,Airtasker Limited,equity,Australia,AUD,Communication Services,asx_listed,Equities
ARU.AX,Arafura Rare Earths Ltd,equity,Australia,AUD,Materials,asx_listed,Equities
ARV.AX,Artemis Resources Limited,equity,Australia,AUD,Materials,asx_listed,Equities
ARX.AX,Aroa Biosurgery Limited,equity,Australia,AUD,Health Care,asx_listed,Equities
AS1.AX,Asara Resources Limited,equity,Australia,AUD,Materials,asx_listed,Equities
AS2.AX,Askari Metals Limited,equity,Australia,AUD,Materials,asx_listed,Equities
ASB.AX,Austal Limited,equity,Australia,AUD,Industrials,asx_listed,Equities
ASG.AX,Autosports Group Limited.,equity,Australia,AUD,Consumer Discretionary,asx_listed,Equities
ASH.AX,Ashley Services Group Limited,equity,Australia,AUD,Industrials,asx_listed,Equities
ASL.AX,Andean Silver Limited,equity,Australia,AUD,Materials,asx_listed,Equities
ASN.AX,Anson Resources Limited,equity,Australia,AUD,Materials,asx_listed,Equities
ASP.AX,Aspermont Limited.,equity,Australia,AUD,Communication Services,asx_listed,Equities
ASQ.AX,Australian Silica Quartz Group Ltd,equity,Australia,AUD,Materials,asx_listed,Equities
ASV.AX,Asset Vision Co Ltd,equity,Australia,AUD,Industrials,asx_listed,Equities
ASX.AX,Asx Limited,equity,Australia,AUD,Financials,asx_listed,Equities
AT1.AX,Atomo Diagnostics Limited,equity,Australia,AUD,Health Care,asx_listed,Equities
AT4.AX,American Tungsten & Antimony Ltd,equity,Australia,AUD,Materials,asx_listed,Equities
ATA.AX,Atturra Limited,equity,Australia,AUD,Information Technology,asx_listed,Equities
ATC.AX,Altech Batteries Ltd,equity,Australia,AUD,Materials,asx_listed,Equities
ATG.AX,Articore Group Limited,equity,Australia,AUD,Consumer Discretionary,asx_listed,Equities
ATH.AX,Alterity Therapeutics Limited,equity,Australia,AUD,Health Care,asx_listed,Equities
ATM.AX,Pt Antam (Persero) Tbk,equity,Australia,AUD,Materials,asx_listed,Equities
ATP.AX,Atlas Pearls Ltd,equity,Australia,AUD,Consumer Discretionary,asx_listed,Equities
ATR.AX,Astron Limited,equity,Australia,AUD,Materials,asx_listed,Equities
ATS.AX,Australis Oil & Gas Limited,equity,Australia,AUD,Energy,asx_listed,Equities
ATT.AX,Altitude Minerals Ltd,equity,Australia,AUD,Materials,asx_listed,Equities
ATV.AX,Activeport Group Ltd,equity,Australia,AUD,Information Technology,asx_listed,Equities
ATX.AX,Amplia Therapeutics Limited,equity,Australia,AUD,Health Care,asx_listed,Equities
AU1.AX,The Agency Group Australia Ltd,equity,Australia,AUD,Real Estate,asx_listed,Equities
AUA.AX,Audeara Limited,equity,Australia,AUD,Consumer Discretionary,asx_listed,Equities
AUB.AX,Aub Group Limited,equity,Australia,AUD,Financials,asx_listed,Equities
AUC.AX,Ausgold Limited,equity,Australia,AUD,Materials,asx_listed,Equities
AUE.AX,Aurum Resources Limited,equity,Australia,AUD,Materials,asx_listed,Equities
AUG.AX,Augustus Minerals Limited,equity,Australia,AUD,Materials,asx_listed,Equities
AUI.AX,Australian United Investment Company Limited,equity,Australia,AUD,,asx_listed,Equities
AUQ.AX,Alara Resources Limited,equity,Australia,AUD,Materials,asx_listed,Equities
AUR.AX,Auris Minerals Limited,equity,Australia,AUD,Materials,asx_listed,Equities
AUV.AX,Auravelle Metals Limited,equity,Australia,AUD,Materials,asx_listed,Equities
AUZ.AX,Australian Mines Limited,equity,Australia,AUD,Materials,asx_listed,Equities
AV1.AX,Adveritas Limited,equity,Australia,AUD,Information Technology,asx_listed,Equities
AVA.AX,Ava Risk Group Limited,equity,Australia,AUD,Information Technology,asx_listed,Equities
AVD.AX,Avada Group Limited,equity,Australia,AUD,Industrials,asx_listed,Equities
AVE.AX,Avecho Biotechnology Limited,equity,Australia,AUD,Health Care,asx_listed,Equities
AVG.AX,Australian Vintage Ltd,equity,Australia,AUD,Consumer Staples,asx_listed,Equities
AVH.AX,Avita Medical Inc.,equity,Australia,AUD,Health Care,asx_listed,Equities
AVL.AX,Australian Vanadium Limited,equity,Australia,AUD,Materials,asx_listed,Equities
AVM.AX,Advance Metals Limited,equity,Australia,AUD,Materials,asx_listed,Equities
AVR.AX,Anteris Technologies Global Corp.,equity,Australia,AUD,Health Care,asx_listed,Equities
AVW.AX,Avira Resources Ltd,equity,Australia,AUD,Materials,asx_listed,Equities
AW1.AX,American West Metals Limited,equity,Australia,AUD,Materials,asx_listed,Equities
AWJ.AX,Auric Mining Limited,equity,Australia,AUD,Materials,asx_listed,Equities
AX1.AX,Accent Group Limited,equity,Australia,AUD,Consumer Discretionary,asx_listed,Equities
AX8.AX,Accelerate Resources Limited,equity,Australia,AUD,Materials,asx_listed,Equities
AXE.AX,Archer Materials Limited,equity,Australia,AUD,Information Technology,asx_listed,Equities
AXI.AX,Axtec Limited,equity,Australia,AUD,Real Estate,asx_listed,Equities
AXL.AX,Axel Ree Limited,equity,Australia,AUD,Materials,asx_listed,Equities
AXN.AX,Alliance Nickel Limited,equity,Australia,AUD,Materials,asx_listed,Equities
AXP.AX,Axp Energy Limited,equity,Australia,AUD,Energy,asx_listed,Equities
AXQ.AX,"Aura Consolidated Group, Inc.",equity,Australia,AUD,,asx_listed,Equities
AXR.AX,Axiant Resources Limited,equity,Australia,AUD,Materials,asx_listed,Equities
AYA.AX,Artrya Limited,equity,Australia,AUD,Health Care,asx_listed,Equities
AYM.AX,Australia United Mining Limited,equity,Australia,AUD,Materials,asx_listed,Equities
AYT.AX,Austin Metals Limited,equity,Australia,AUD,Materials,asx_listed,Equities
AZ9.AX,Azzuro Resources Plc,equity,Australia,AUD,Materials,asx_listed,Equities
AZI.AX,Altamin Limited,equity,Australia,AUD,Materials,asx_listed,Equities
AZJ.AX,Aurizon Holdings Limited,equity,Australia,AUD,Industrials,asx_listed,Equities
AZY.AX,Antipa Minerals Limited,equity,Australia,AUD,Materials,asx_listed,Equities
B4P.AX,Beforepay Group Limited,equity,Australia,AUD,Financials,asx_listed,Equities
BAK.AX,Barkly Rare Earths Limited,equity,Australia,AUD,Materials,asx_listed,Equities
BAP.AX,Bapcor Limited,equity,Australia,AUD,Consumer Discretionary,asx_listed,Equities
BAS.AX,Bass Oil Limited,equity,Australia,AUD,Energy,asx_listed,Equities
BB1.AX,Blinklab Limited,equity,Australia,AUD,Health Care,asx_listed,Equities
BBC.AX,Bnk Banking Corporation Limited,equity,Australia,AUD,Financials,asx_listed,Equities
BBL.AX,Brisbane Broncos Limited,equity,Australia,AUD,Communication Services,asx_listed,Equities
BBN.AX,Baby Bunting Group Limited,equity,Australia,AUD,Consumer Discretionary,asx_listed,Equities
BBT.AX,Betr Entertainment Limited,equity,Australia,AUD,Consumer Discretionary,asx_listed,Equities
BC8.AX,Black Cat Syndicate Limited,equity,Australia,AUD,Materials,asx_listed,Equities
BCA.AX,Black Canyon Limited,equity,Australia,AUD,Materials,asx_listed,Equities
BCC.AX,Beam Communications Holdings Limited,equity,Australia,AUD,Information Technology,asx_listed,Equities
BCI.AX,Bci Minerals Limited,equity,Australia,AUD,Materials,asx_listed,Equities
BCK.AX,Brockman Mining Limited,equity,Australia,AUD,Materials,asx_listed,Equities
BCM.AX,Brazilian Critical Minerals Limited,equity,Australia,AUD,Materials,asx_listed,Equities
BCN.AX,Beacon Minerals Limited,equity,Australia,AUD,Materials,asx_listed,Equities
BDM.AX,Burgundy Diamond Mines Limited,equity,Australia,AUD,Materials,asx_listed,Equities
BDX.AX,Bcal Diagnostics Limited,equity,Australia,AUD,Health Care,asx_listed,Equities
BEL.AX,Bentley Capital Limited,equity,Australia,AUD,,asx_listed,Equities
BEN.AX,Bendigo And Adelaide Bank Limited,equity,Australia,AUD,Financials,asx_listed,Equities
BEO.AX,Beonic Ltd,equity,Australia,AUD,Information Technology,asx_listed,Equities
BET.AX,Betmakers Technology Group Ltd,equity,Australia,AUD,Consumer Discretionary,asx_listed,Equities
BEZ.AX,Besra Gold Inc.,equity,Australia,AUD,Materials,asx_listed,Equities
BFG.AX,Bell Financial Group Limited,equity,Australia,AUD,Financials,asx_listed,Equities
BFL.AX,Bsp Financial Group Limited,equity,Australia,AUD,Financials,asx_listed,Equities
BGA.AX,Bega Cheese Limited,equity,Australia,AUD,Consumer Staples,asx_listed,Equities
BGD.AX,Barton Gold Holdings Limited,equity,Australia,AUD,Materials,asx_listed,Equities
BGE.AX,Bridge Saas Limited,equity,Australia,AUD,Information Technology,asx_listed,Equities
BGL.AX,Bellevue Gold Limited,equity,Australia,AUD,Materials,asx_listed,Equities
BGP.AX,Briscoe Group Australasia Limited,equity,Australia,AUD,Consumer Discretionary,asx_listed,Equities
BGT.AX,Bio-Gene Technology Ltd,equity,Australia,AUD,Materials,asx_listed,Equities
BH6.AX,Broken Hill Gold Ltd,equity,Australia,AUD,Materials,asx_listed,Equities
BHD.AX,Benjamin Hornigold Limited,equity,Australia,AUD,,asx_listed,Equities
BHL.AX,Black Horse Mining Limited,equity,Australia,AUD,Materials,asx_listed,Equities
BHM.AX,Broken Hill Mines Limited,equity,Australia,AUD,Materials,asx_listed,Equities
BHP.AX,Bhp Group Limited,equity,Australia,AUD,Materials,asx_listed,Equities
BIM.AX,Bindi Metals Limited,equity,Australia,AUD,Materials,asx_listed,Equities
BIO.AX,Biome Australia Limited,equity,Australia,AUD,Consumer Staples,asx_listed,Equities
BIS.AX,Bisalloy Steel Group Limited,equity,Australia,AUD,Materials,asx_listed,Equities
BIT.AX,Biotron Limited,equity,Australia,AUD,Health Care,asx_listed,Equities
BKB.AX,Black Bear Minerals Limited,equity,Australia,AUD,Materials,asx_listed,Equities
BKI.AX,Bki Investment Company Limited,equity,Australia,AUD,,asx_listed,Equities
BKT.AX,Black Rock Mining Limited,equity,Australia,AUD,Materials,asx_listed,Equities
BKY.AX,Berkeley Energia Limited,equity,Australia,AUD,Energy,asx_listed,Equities
BLG.AX,Bluglass Limited,equity,Australia,AUD,Information Technology,asx_listed,Equities
BLS.AX,Bls Pharmaceuticals Limited,equity,Australia,AUD,Consumer Staples,asx_listed,Equities
BLU.AX,Blue Energy Limited.,equity,Australia,AUD,Energy,asx_listed,Equities
BLX.AX,Beacon Lighting Group Limited,equity,Australia,AUD,Consumer Discretionary,asx_listed,Equities
BLZ.AX,Blaze Minerals Limited,equity,Australia,AUD,Energy,asx_listed,Equities
BM1.AX,Ballard Mining Limited,equity,Australia,AUD,Materials,asx_listed,Equities
BM8.AX,Battery Age Minerals Ltd,equity,Australia,AUD,Materials,asx_listed,Equities
BMC.AX,Bmc Minerals Ltd.,equity,Australia,AUD,Materials,asx_listed,Equities
BMH.AX,Baumart Holdings Limited,equity,Australia,AUD,Industrials,asx_listed,Equities
BML.AX,Boab Metals Limited,equity,Australia,AUD,Materials,asx_listed,Equities
BMM.AX,Bayan Mining And Minerals Limited,equity,Australia,AUD,Materials,asx_listed,Equities
BMN.AX,Bannerman Energy Ltd,equity,Australia,AUD,Energy,asx_listed,Equities
BMR.AX,Ballymore Resources Limited,equity,Australia,AUD,Materials,asx_listed,Equities
BMT.AX,Beamtree Holdings Limited,equity,Australia,AUD,Health Care,asx_listed,Equities
BNL.AX,Blue Star Helium Limited,equity,Australia,AUD,Energy,asx_listed,Equities
BNR.AX,Bulletin Resources Limited,equity,Australia,AUD,Materials,asx_listed,Equities
BNZ.AX,Benz Mining Corp.,equity,Australia,AUD,Materials,asx_listed,Equities
BOA.AX,Boa Resources Ltd,equity,Australia,AUD,Materials,asx_listed,Equities
BOC.AX,Bougainville Copper Limited,equity,Australia,AUD,Materials,asx_listed,Equities
BOE.AX,Boss Energy Ltd,equity,Australia,AUD,Energy,asx_listed,Equities
BOL.AX,Boom Logistics Limited,equity,Australia,AUD,Industrials,asx_listed,Equities
BOQ.AX,Bank Of Queensland Limited.,equity,Australia,AUD,Financials,asx_listed,Equities
BOT.AX,Botanix Pharmaceuticals Ltd,equity,Australia,AUD,Health Care,asx_listed,Equities
BP8DF.AX,Bph Global Ltd,equity,Australia,AUD,Health Care,asx_listed,Equities
BPG.AX,Black Pearl Group Limited,equity,Australia,AUD,Information Technology,asx_listed,Equities
BPH.AX,Bph Energy Ltd,equity,Australia,AUD,Financials,asx_listed,Equities
BPM.AX,Bpm Minerals Limited,equity,Australia,AUD,Materials,asx_listed,Equities
BPP.AX,Babylon Pump & Power Limited,equity,Australia,AUD,Industrials,asx_listed,Equities
BPT.AX,Beach Energy Limited,equity,Australia,AUD,Energy,asx_listed,Equities
BRE.AX,Brazilian Rare Earths Limited,equity,Australia,AUD,Materials,asx_listed,Equities
BRG.AX,Breville Group Limited,equity,Australia,AUD,Consumer Discretionary,asx_listed,Equities
BRI.AX,Big River Industries Limited,equity,Australia,AUD,Materials,asx_listed,Equities
BRK.AX,Brookside Energy Limited,equity,Australia,AUD,Energy,asx_listed,Equities
BRL.AX,Bathurst Resources Limited.,equity,Australia,AUD,Materials,asx_listed,Equities
BRN.AX,Brainchip Holdings Ltd,equity,Australia,AUD,Information Technology,asx_listed,Equities
BRU.AX,Buru Energy Limited,equity,Australia,AUD,Energy,asx_listed,Equities
BRY.AX,Barys Resources Limited,equity,Australia,AUD,Materials,asx_listed,Equities
BSA.AX,Bsa Limited,equity,Australia,AUD,Industrials,asx_listed,Equities
BSL.AX,Bluescope Steel Limited,equity,Australia,AUD,Materials,asx_listed,Equities
BSN.AX,Basin Energy Limited,equity,Australia,AUD,Energy,asx_listed,Equities
BSR.AX,Bison Resources Limited,equity,Australia,AUD,Materials,asx_listed,Equities
BST.AX,Boresight Ltd,equity,Australia,AUD,Industrials,asx_listed,Equities
BSX.AX,Blackstone Minerals Limited,equity,Australia,AUD,Materials,asx_listed,Equities
BTC.AX,Btc Health Ltd,equity,Australia,AUD,,asx_listed,Equities
BTE.AX,Botala Energy Ltd,equity,Australia,AUD,Energy,asx_listed,Equities
BTI.AX,Bailador Technology Investments Limited,equity,Australia,AUD,Financials,asx_listed,Equities
BTL.AX,Beetaloo Energy Australia Limited,equity,Australia,AUD,Energy,asx_listed,Equities
BTM.AX,Breakthrough Minerals Limited,equity,Australia,AUD,Energy,asx_listed,Equities
BTN.AX,Butn Limited,equity,Australia,AUD,Financials,asx_listed,Equities
BTR.AX,Brightstar Resources Limited,equity,Australia,AUD,Materials,asx_listed,Equities
BUB.AX,Bubs Australia Limited,equity,Australia,AUD,Consumer Staples,asx_listed,Equities
BUR.AX,Burley Minerals Ltd,equity,Australia,AUD,Materials,asx_listed,Equities
BUS.AX,Bubalus Resources Limited,equity,Australia,AUD,Materials,asx_listed,Equities
BUX.AX,Buxton Resources Limited,equity,Australia,AUD,Materials,asx_listed,Equities
BUY.AX,Bounty Oil & Gas Nl,equity,Australia,AUD,Energy,asx_listed,Equities
BVR.AX,Bellavista Resources Ltd,equity,Australia,AUD,Materials,asx_listed,Equities
BVS.AX,Bravura Solutions Limited.,equity,Australia,AUD,Information Technology,asx_listed,Equities
BWF.AX,Blackwall Limited,equity,Australia,AUD,Financials,asx_listed,Equities
BWN.AX,Bhagwan Marine Limited,equity,Australia,AUD,Industrials,asx_listed,Equities
BWP.AX,Bwp Group,equity,Australia,AUD,Real Estate,asx_listed,Equities
BXB.AX,Brambles Limited,equity,Australia,AUD,Industrials,asx_listed,Equities
C29.AX,C29 Metals Limited,equity,Australia,AUD,Materials,asx_listed,Equities
C79.AX,Chrysos Corporation Limited,equity,Australia,AUD,Industrials,asx_listed,Equities
C7A.AX,Clara Resources Australia Ltd,equity,Australia,AUD,Materials,asx_listed,Equities
CAA.AX,Capral Limited,equity,Australia,AUD,Materials,asx_listed,Equities
CAE.AX,Cannindah Resources Limited,equity,Australia,AUD,Materials,asx_listed,Equities
CAF.AX,Centrepoint Alliance Limited,equity,Australia,AUD,Financials,asx_listed,Equities
CAM.AX,Clime Capital Limited,equity,Australia,AUD,,asx_listed,Equities
CAN.AX,Cann Group Limited,equity,Australia,AUD,Health Care,asx_listed,Equities
CAQ.AX,Caq Holdings Limited,equity,Australia,AUD,Real Estate,asx_listed,Equities
CAR.AX,Car Group Limited,equity,Australia,AUD,Communication Services,asx_listed,Equities
CAT.AX,Catapult Sports Ltd,equity,Australia,AUD,Information Technology,asx_listed,Equities
CAV.AX,Carnavale Resources Limited,equity,Australia,AUD,Materials,asx_listed,Equities
CAY.AX,Canyon Resources Limited,equity,Australia,AUD,Materials,asx_listed,Equities
CAZ.AX,Cazaly Resources Limited,equity,Australia,AUD,Materials,asx_listed,Equities
CBA.AX,Commonwealth Bank Of Australia.,equity,Australia,AUD,Financials,asx_listed,Equities
CBE.AX,Cobre Limited,equity,Australia,AUD,Materials,asx_listed,Equities
CBL.AX,Control Bionics Limited,equity,Australia,AUD,Health Care,asx_listed,Equities
CBO.AX,Cobram Estate Olives Limited,equity,Australia,AUD,Consumer Staples,asx_listed,Equities
CBY.AX,Canterbury Resources Limited,equity,Australia,AUD,Materials,asx_listed,Equities
CC5.AX,Clever Culture Systems Limited,equity,Australia,AUD,Health Care,asx_listed,Equities
CC9.AX,Chariot Resources Ltd,equity,Australia,AUD,Materials,asx_listed,Equities
CCA.AX,Change Financial Limited,equity,Australia,AUD,Financials,asx_listed,Equities
CCE.AX,Carnegie Clean Energy Limited,equity,Australia,AUD,Utilities,asx_listed,Equities
CCG.AX,Comms Group Ltd,equity,Australia,AUD,Communication Services,asx_listed,Equities
CCL.AX,Cuscal Limited,equity,Australia,AUD,Financials,asx_listed,Equities
CCM.AX,Cadoux Limited,equity,Australia,AUD,Materials,asx_listed,Equities
CCO.AX,The Calmer Co International Limited,equity,Australia,AUD,Consumer Staples,asx_listed,Equities
CCP.AX,Credit Corp Group Limited,equity,Australia,AUD,Financials,asx_listed,Equities
CCR.AX,Credit Clear Limited,equity,Australia,AUD,Information Technology,asx_listed,Equities
CCV.AX,Cash Converters International,equity,Australia,AUD,Financials,asx_listed,Equities
CCX.AX,City Chic Collective Limited,equity,Australia,AUD,Consumer Discretionary,asx_listed,Equities
CD1.AX,Cd Private Equity Fund I,equity,Australia,AUD,,asx_listed,Equities
CD2.AX,Cd Private Equity Fund Ii,equity,Australia,AUD,,asx_listed,Equities
CD3.AX,Cd Private Equity Fund Iii,equity,Australia,AUD,,asx_listed,Equities
CDA.AX,Codan Limited,equity,Australia,AUD,Information Technology,asx_listed,Equities
CDE.AX,Codeifai Limited,equity,Australia,AUD,Industrials,asx_listed,Equities
CDM.AX,Cadence Capital Limited,equity,Australia,AUD,,asx_listed,Equities
CDO.AX,Cadence Opportunities Fund Limited.,equity,Australia,AUD,,asx_listed,Equities
CDP.AX,Carindale Property Trust,equity,Australia,AUD,Real Estate,asx_listed,Equities
CDR.AX,Codrus Minerals Limited,equity,Australia,AUD,Materials,asx_listed,Equities
CDT.AX,Castle Minerals Limited,equity,Australia,AUD,Materials,asx_listed,Equities
CEH.AX,Coast Entertainment Holdings Limited,equity,Australia,AUD,Consumer Discretionary,asx_listed,Equities
CEL.AX,Challenger Gold Limited,equity,Australia,AUD,Materials,asx_listed,Equities
CEN.AX,Contact Energy Limited,equity,Australia,AUD,Utilities,asx_listed,Equities
CF1.AX,Complii Fintech Solutions Ltd,equity,Australia,AUD,Information Technology,asx_listed,Equities
CG1.AX,Carbonxt Group Limited,equity,Australia,AUD,Materials,asx_listed,Equities
CGF.AX,Challenger Limited,equity,Australia,AUD,Financials,asx_listed,Equities
CGO.AX,Cpt Global Limited,equity,Australia,AUD,Information Technology,asx_listed,Equities
CGR.AX,Cgn Resources Limited,equity,Australia,AUD,Materials,asx_listed,Equities
CGS.AX,Cogstate Ltd,equity,Australia,AUD,Health Care,asx_listed,Equities
CHC.AX,Charter Hall Group,equity,Australia,AUD,Real Estate,asx_listed,Equities
CHI.AX,Channel Infrastructure Nz Limited,equity,Australia,AUD,Energy,asx_listed,Equities
CHL.AX,Camplify Holdings Limited,equity,Australia,AUD,Industrials,asx_listed,Equities
CHM.AX,Chimeric Therapeutics Limited,equity,Australia,AUD,Health Care,asx_listed,Equities
CHN.AX,Chalice Mining Limited,equity,Australia,AUD,Materials,asx_listed,Equities
CHR.AX,Charger Metals Nl,equity,Australia,AUD,Materials,asx_listed,Equities
CHRCB.AX,Charger Metals Nl,equity,Australia,AUD,Materials,asx_listed,Equities
CHW.AX,Chilwa Minerals Ltd,equity,Australia,AUD,Materials,asx_listed,Equities
CIA.AX,Champion Iron Limited,equity,Australia,AUD,Materials,asx_listed,Equities
CIN.AX,Carlton Investments Limited,equity,Australia,AUD,,asx_listed,Equities
CIP.AX,Centuria Industrial Reit,equity,Australia,AUD,Real Estate,asx_listed,Equities
CIW.AX,Clime Investment Management Ltd,equity,Australia,AUD,Financials,asx_listed,Equities
CKA.AX,Cokal Limited,equity,Australia,AUD,Materials,asx_listed,Equities
CKF.AX,Collins Foods Limited,equity,Australia,AUD,Consumer Discretionary,asx_listed,Equities
CLA.AX,Celsius Resources Limited.,equity,Australia,AUD,Materials,asx_listed,Equities
CLG.AX,Close The Loop Ltd.,equity,Australia,AUD,Industrials,asx_listed,Equities
CLU.AX,Cluey Ltd,equity,Australia,AUD,Consumer Discretionary,asx_listed,Equities
CLV.AX,Clover Corporation Limited,equity,Australia,AUD,Materials,asx_listed,Equities
CLW.AX,Charter Hall Long Wale Reit,equity,Australia,AUD,Real Estate,asx_listed,Equities
CLX.AX,Cti Logistics Limited,equity,Australia,AUD,Industrials,asx_listed,Equities
CLZ.AX,Classic Minerals Ltd,equity,Australia,AUD,Materials,asx_listed,Equities
CMA.AX,Carma Limited,equity,Australia,AUD,Consumer Discretionary,asx_listed,Equities
CMB.AX,Cambium Bio Limited,equity,Australia,AUD,Health Care,asx_listed,Equities
CMD.AX,Cassius Mining Limited,equity,Australia,AUD,Materials,asx_listed,Equities
CMG.AX,Critical Minerals Group Limited,equity,Australia,AUD,Materials,asx_listed,Equities
CML.AX,Connected Minerals Limited,equity,Australia,AUD,Information Technology,asx_listed,Equities
CMM.AX,Capricorn Metals Ltd,equity,Australia,AUD,Materials,asx_listed,Equities
CMO.AX,Cosmo Metals Limited,equity,Australia,AUD,Materials,asx_listed,Equities
CMP.AX,Compumedics Limited,equity,Australia,AUD,Health Care,asx_listed,Equities
CMW.AX,Cromwell Property Group,equity,Australia,AUD,Real Estate,asx_listed,Equities
CMX.AX,Chemx Materials Limited,equity,Australia,AUD,Materials,asx_listed,Equities
CNB.AX,Carnaby Resources Limited,equity,Australia,AUD,Materials,asx_listed,Equities
CND.AX,Condor Energy Limited,equity,Australia,AUD,Energy,asx_listed,Equities
CNI.AX,Centuria Capital Group,equity,Australia,AUD,Real Estate,asx_listed,Equities
CNJ.AX,Conico Ltd,equity,Australia,AUD,Materials,asx_listed,Equities
CNQ.AX,Clean Teq Water Limited,equity,Australia,AUD,Industrials,asx_listed,Equities
CNU.AX,Chorus Limited,equity,Australia,AUD,Communication Services,asx_listed,Equities
COB.AX,Cobalt Blue Holdings Limited,equity,Australia,AUD,Materials,asx_listed,Equities
COD.AX,Coda Minerals Ltd,equity,Australia,AUD,Materials,asx_listed,Equities
COF.AX,Centuria Office Reit,equity,Australia,AUD,Real Estate,asx_listed,Equities
COG.AX,Cog Financial Services Limited,equity,Australia,AUD,Financials,asx_listed,Equities
COH.AX,Cochlear Limited,equity,Australia,AUD,Health Care,asx_listed,Equities
COI.AX,Comet Ridge Limited,equity,Australia,AUD,Energy,asx_listed,Equities
COL.AX,Coles Group Limited.,equity,Australia,AUD,Consumer Staples,asx_listed,Equities
COS.AX,Cosol Limited,equity,Australia,AUD,Information Technology,asx_listed,Equities
COV.AX,Cleo Diagnostics Ltd,equity,Australia,AUD,Health Care,asx_listed,Equities
COY.AX,Coppermoly Limited,equity,Australia,AUD,Materials,asx_listed,Equities
CP8.AX,Canadian Phosphate Limited,equity,Australia,AUD,Materials,asx_listed,Equities
CPM.AX,Cooper Metals Limited,equity,Australia,AUD,Materials,asx_listed,Equities
CPN.AX,Caspin Resources Limited,equity,Australia,AUD,Materials,asx_listed,Equities
CPO.AX,Culpeo Minerals Limited,equity,Australia,AUD,Materials,asx_listed,Equities
CPU.AX,Computershare Limited.,equity,Australia,AUD,Industrials,asx_listed,Equities
CPV.AX,Clearvue Technologies Limited,equity,Australia,AUD,Industrials,asx_listed,Equities
CQE.AX,Charter Hall Social Infrastructure Reit,equity,Australia,AUD,Real Estate,asx_listed,Equities
CQR.AX,Charter Hall Retail Reit,equity,Australia,AUD,Real Estate,asx_listed,Equities
CQT.AX,Conneqt Health Limited,equity,Australia,AUD,Health Care,asx_listed,Equities
CR1.AX,Constellation Resources Limited,equity,Australia,AUD,Materials,asx_listed,Equities
CR3.AX,Core Energy Minerals Ltd,equity,Australia,AUD,Materials,asx_listed,Equities
CRB.AX,Carbine Resources Limited,equity,Australia,AUD,Materials,asx_listed,Equities
CRD.AX,Conrad Asia Energy Ltd.,equity,Australia,AUD,Energy,asx_listed,Equities
CRI.AX,Critica Limited,equity,Australia,AUD,Materials,asx_listed,Equities
CRN.AX,Coronado Global Resources Inc.,equity,Australia,AUD,Materials,asx_listed,Equities
CRR.AX,Critical Resources Limited,equity,Australia,AUD,Materials,asx_listed,Equities
CRS.AX,Caprice Resources Ltd,equity,Australia,AUD,Materials,asx_listed,Equities
CSC.AX,Capstone Copper Corp.,equity,Australia,AUD,Materials,asx_listed,Equities
CSL.AX,Csl Limited,equity,Australia,AUD,Health Care,asx_listed,Equities
CST.AX,Castile Resources Ltd,equity,Australia,AUD,Materials,asx_listed,Equities
CSX.AX,Cleanspace Holdings Limited,equity,Australia,AUD,Health Care,asx_listed,Equities
CT1.AX,Constellation Technologies Limited,equity,Australia,AUD,Information Technology,asx_listed,Equities
CTD.AX,Corporate Travel Management Limited,equity,Australia,AUD,Consumer Discretionary,asx_listed,Equities
CTE.AX,Cryosite Limited,equity,Australia,AUD,Health Care,asx_listed,Equities
CTM.AX,Centaurus Metals Limited,equity,Australia,AUD,Materials,asx_listed,Equities
CTN.AX,Catalina Resources Ltd,equity,Australia,AUD,Materials,asx_listed,Equities
CTO.AX,Citigold Corporation Limited,equity,Australia,AUD,Materials,asx_listed,Equities
CTP.AX,Central Petroleum Limited,equity,Australia,AUD,Energy,asx_listed,Equities
CTQ.AX,Careteq Limited,equity,Australia,AUD,Health Care,asx_listed,Equities
CTS.AX,Ceretas Limited,equity,Australia,AUD,Health Care,asx_listed,Equities
CTT.AX,Cettire Limited,equity,Australia,AUD,Consumer Discretionary,asx_listed,Equities
CU6.AX,Clarity Pharmaceuticals Ltd,equity,Australia,AUD,Health Care,asx_listed,Equities
CUE.AX,Cue Energy Resources Limited,equity,Australia,AUD,Energy,asx_listed,Equities
CUF.AX,Cufe Ltd,equity,Australia,AUD,Materials,asx_listed,Equities
CUL.AX,Cullen Resources Limited,equity,Australia,AUD,Materials,asx_listed,Equities
CUP.AX,Count Limited,equity,Australia,AUD,Industrials,asx_listed,Equities
CUV.AX,Clinuvel Pharmaceuticals Limited,equity,Australia,AUD,Health Care,asx_listed,Equities
CVB.AX,Curvebeam Ai Limited,equity,Australia,AUD,Health Care,asx_listed,Equities
CVC.AX,Cvc Limited,equity,Australia,AUD,Financials,asx_listed,Equities
CVL.AX,Civmec Limited,equity,Australia,AUD,Industrials,asx_listed,Equities
CVN.AX,Carnarvon Energy Limited,equity,Australia,AUD,Energy,asx_listed,Equities
CVR.AX,Cavalier Resources Limited,equity,Australia,AUD,Materials,asx_listed,Equities
CVV.AX,Caravel Minerals Limited,equity,Australia,AUD,Materials,asx_listed,Equities
CWP.AX,Cedar Woods Properties Limited,equity,Australia,AUD,Real Estate,asx_listed,Equities
CWY.AX,Cleanaway Waste Management Limited,equity,Australia,AUD,Industrials,asx_listed,Equities
CXL.AX,Calix Limited,equity,Australia,AUD,Materials,asx_listed,Equities
CXO.AX,Core Lithium Ltd,equity,Australia,AUD,Materials,asx_listed,Equities
CXU.AX,Cauldron Energy Limited,equity,Australia,AUD,Energy,asx_listed,Equities
CXZ.AX,Connexion Mobility Ltd,equity,Australia,AUD,Information Technology,asx_listed,Equities
CY5.AX,Cygnus Metals Limited,equity,Australia,AUD,Materials,asx_listed,Equities
CYB.AX,Aucyber Limited,equity,Australia,AUD,Information Technology,asx_listed,Equities
CYC.AX,Cyclopharm Limited,equity,Australia,AUD,Health Care,asx_listed,Equities
CYG.AX,Coventry Group Limited,equity,Australia,AUD,Industrials,asx_listed,Equities
CYL.AX,Catalyst Metals Limited,equity,Australia,AUD,Materials,asx_listed,Equities
CYM.AX,Cyprium Metals Limited,equity,Australia,AUD,Materials,asx_listed,Equities
CYP.AX,Cynata Therapeutics Limited,equity,Australia,AUD,Health Care,asx_listed,Equities
CYQ.AX,Cycliq Group Ltd,equity,Australia,AUD,Consumer Discretionary,asx_listed,Equities
CYV.AX,Ceryvyn Therapeutics Limited,equity,Australia,AUD,Health Care,asx_listed,Equities
CZN.AX,Corazon Mining Limited,equity,Australia,AUD,Materials,asx_listed,Equities
CZR.AX,Czr Resources Ltd,equity,Australia,AUD,Materials,asx_listed,Equities
D3E.AX,D3 Energy Limited,equity,Australia,AUD,Energy,asx_listed,Equities
DAF.AX,Discovery Alaska Limited,equity,Australia,AUD,Materials,asx_listed,Equities
DAI.AX,Decidr Ai Industries Ltd,equity,Australia,AUD,Consumer Staples,asx_listed,Equities
DAL.AX,Dalaroo Metals Ltd,equity,Australia,AUD,Materials,asx_listed,Equities
DBF.AX,Duxton Farms Ltd,equity,Australia,AUD,Consumer Staples,asx_listed,Equities
DBI.AX,Dalrymple Bay Infrastructure Limited,equity,Australia,AUD,Industrials,asx_listed,Equities
DBO.AX,Diablo Resources Limited,equity,Australia,AUD,Materials,asx_listed,Equities
DCC.AX,Digitalx Limited,equity,Australia,AUD,Information Technology,asx_listed,Equities
DDR.AX,Dicker Data Limited,equity,Australia,AUD,Information Technology,asx_listed,Equities
DDT.AX,Datadot Technology Limited,equity,Australia,AUD,Consumer Discretionary,asx_listed,Equities
DEL.AX,Delorean Corporation Limited,equity,Australia,AUD,Utilities,asx_listed,Equities
DEM.AX,De.Mem Limited,equity,Australia,AUD,Utilities,asx_listed,Equities
DES.AX,Desoto Resources Limited,equity,Australia,AUD,Materials,asx_listed,Equities
DEV.AX,Devex Resources Limited,equity,Australia,AUD,Energy,asx_listed,Equities
DGH.AX,Desane Group Holdings Limited,equity,Australia,AUD,Real Estate,asx_listed,Equities
DGL.AX,Dgl Group Limited,equity,Australia,AUD,Materials,asx_listed,Equities
DGR.AX,Dgr Global Limited,equity,Australia,AUD,Materials,asx_listed,Equities
DGT.AX,Digico Infrastructure Reit,equity,Australia,AUD,,asx_listed,Equities
DJW.AX,Djerriwarrh Investments Limited,equity,Australia,AUD,,asx_listed,Equities
DKM.AX,Duketon Mining Limited,equity,Australia,AUD,Materials,asx_listed,Equities
DLI.AX,Delta Lithium Limited,equity,Australia,AUD,Materials,asx_listed,Equities
DLY.AX,Daly Resources Limited,equity,Australia,AUD,Materials,asx_listed,Equities
DM1.AX,Desert Metals Limited,equity,Australia,AUD,Materials,asx_listed,Equities
DME.AX,Dome Gold Mines Limited,equity,Australia,AUD,Materials,asx_listed,Equities
DMP.AX,Domino'S Pizza Enterprises Limited,equity,Australia,AUD,Consumer Discretionary,asx_listed,Equities
DN1.AX,Dominion Income Trust 1,equity,Australia,AUD,,asx_listed,Equities
DNL.AX,Dyno Nobel Limited.,equity,Australia,AUD,Materials,asx_listed,Equities
DOC.AX,Doctor Care Anywhere Group Plc,equity,Australia,AUD,Health Care,asx_listed,Equities
DOW.AX,Downer Edi Limited,equity,Australia,AUD,Industrials,asx_listed,Equities
DPM.AX,Dpm Metals Inc.,equity,Australia,AUD,Materials,asx_listed,Equities
DRE.AX,Dreadnought Resources Ltd,equity,Australia,AUD,Materials,asx_listed,Equities
DRO.AX,Droneshield Limited,equity,Australia,AUD,Industrials,asx_listed,Equities
DRR.AX,Deterra Royalties Limited,equity,Australia,AUD,Materials,asx_listed,Equities
DRX.AX,Diatreme Resources Limited,equity,Australia,AUD,Materials,asx_listed,Equities
DSK.AX,Dusk Group Limited,equity,Australia,AUD,Consumer Discretionary,asx_listed,Equities
DSM.AX,Desert Minerals Ltd,equity,Australia,AUD,Materials,asx_listed,Equities
DTL.AX,Data#3 Limited,equity,Australia,AUD,Information Technology,asx_listed,Equities
DTM.AX,Dart Mining Nl,equity,Australia,AUD,Materials,asx_listed,Equities
DTR.AX,Dateline Resources Limited,equity,Australia,AUD,Materials,asx_listed,Equities
DTZ.AX,Dotz Nano Limited,equity,Australia,AUD,Information Technology,asx_listed,Equities
DUB.AX,Dubber Corporation Limited,equity,Australia,AUD,Information Technology,asx_listed,Equities
DUG.AX,Dug Technology Ltd,equity,Australia,AUD,Information Technology,asx_listed,Equities
DUN.AX,Dundas Minerals Limited,equity,Australia,AUD,Materials,asx_listed,Equities
DUR.AX,Duratec Limited,equity,Australia,AUD,Industrials,asx_listed,Equities
DVL.AX,Dorsavi Ltd,equity,Australia,AUD,Health Care,asx_listed,Equities
DVP.AX,Develop Global Limited,equity,Australia,AUD,Materials,asx_listed,Equities
DWG.AX,Dataworks Group Limited,equity,Australia,AUD,Information Technology,asx_listed,Equities
DXB.AX,Dimerix Limited,equity,Australia,AUD,Health Care,asx_listed,Equities
DXC.AX,Dexus Convenience Retail Reit,equity,Australia,AUD,Real Estate,asx_listed,Equities
DXI.AX,Dexus Industria Reit.,equity,Australia,AUD,Real Estate,asx_listed,Equities
DXN.AX,Dxn Limited,equity,Australia,AUD,Information Technology,asx_listed,Equities
DXS.AX,Dexus,equity,Australia,AUD,Real Estate,asx_listed,Equities
DYL.AX,Deep Yellow Limited,equity,Australia,AUD,Energy,asx_listed,Equities
DYM.AX,Dynamic Metals Limited,equity,Australia,AUD,Materials,asx_listed,Equities
E25.AX,Element 25 Limited,equity,Australia,AUD,Materials,asx_listed,Equities
E79.AX,E79 Gold Mines Limited,equity,Australia,AUD,Materials,asx_listed,Equities
EAU.AX,Eau Lithium Ltd,equity,Australia,AUD,Materials,asx_listed,Equities
EAX.AX,Energy Action Limited,equity,Australia,AUD,Industrials,asx_listed,Equities
EBO.AX,Ebos Group Limited,equity,Australia,AUD,Health Care,asx_listed,Equities
EBR.AX,Ebr Systems Inc.,equity,Australia,AUD,Health Care,asx_listed,Equities
ECH.AX,Echelon Resources Limited,equity,Australia,AUD,Energy,asx_listed,Equities
ECL.AX,Excelsior Capital Ltd,equity,Australia,AUD,Industrials,asx_listed,Equities
ECP.AX,Ecp Emerging Growth Limited,equity,Australia,AUD,,asx_listed,Equities
ECS.AX,Ecs Botanics Holdings Ltd,equity,Australia,AUD,Health Care,asx_listed,Equities
ECT.AX,Environmental Clean Technologies Limited.,equity,Australia,AUD,Industrials,asx_listed,Equities
EDE.AX,Eden Innovations Ltd,equity,Australia,AUD,Energy,asx_listed,Equities
EDU.AX,Edu Holdings Limited,equity,Australia,AUD,Consumer Discretionary,asx_listed,Equities
EDV.AX,Endeavour Group Limited,equity,Australia,AUD,Consumer Staples,asx_listed,Equities
EE1.AX,Earths Energy Limited,equity,Australia,AUD,Materials,asx_listed,Equities
EF2.AX,Energy Fuels Inc.,equity,Australia,AUD,,asx_listed,Equities
EFE.AX,Eastern Resources Limited,equity,Australia,AUD,Materials,asx_listed,Equities
EFR.AX,Everflow Resources Ltd,equity,Australia,AUD,Materials,asx_listed,Equities
EG1.AX,Evergold Minerals Limited,equity,Australia,AUD,Materials,asx_listed,Equities
EGA.AX,Eastern Gas Corporation Limited,equity,Australia,AUD,Energy,asx_listed,Equities
EGG.AX,Enero Group Limited,equity,Australia,AUD,Communication Services,asx_listed,Equities
EGH.AX,Eureka Group Holdings Limited,equity,Australia,AUD,Real Estate,asx_listed,Equities
EGL.AX,Environmental Group Limited (The),equity,Australia,AUD,Industrials,asx_listed,Equities
EGR.AX,Ecograf Limited,equity,Australia,AUD,Materials,asx_listed,Equities
EGY.AX,Energy Technologies Limited,equity,Australia,AUD,Industrials,asx_listed,Equities
EHL.AX,Emeco Holdings Limited,equity,Australia,AUD,Industrials,asx_listed,Equities
EIQ.AX,Echoiq Limited,equity,Australia,AUD,Information Technology,asx_listed,Equities
EL8.AX,Elevate Uranium Ltd,equity,Australia,AUD,Energy,asx_listed,Equities
ELD.AX,Elders Limited,equity,Australia,AUD,Consumer Staples,asx_listed,Equities
ELK.AX,Elk Range Mining Limited,equity,Australia,AUD,Materials,asx_listed,Equities
ELS.AX,Elsight Limited,equity,Australia,AUD,Information Technology,asx_listed,Equities
ELT.AX,Elementos Limited,equity,Australia,AUD,Materials,asx_listed,Equities
ELV.AX,Elevra Lithium Limited,equity,Australia,AUD,Materials,asx_listed,Equities
EM2.AX,Eagle Mountain Mining Limited,equity,Australia,AUD,Materials,asx_listed,Equities
EM3.AX,Emc Gold Corporation,equity,Australia,AUD,Materials,asx_listed,Equities
EMA.AX,Eminence Minerals Limited,equity,Australia,AUD,Materials,asx_listed,Equities
EMB.AX,Embelton Limited,equity,Australia,AUD,Industrials,asx_listed,Equities
EMC.AX,Everest Metals Corporation Ltd,equity,Australia,AUD,Materials,asx_listed,Equities
EMD.AX,Emyria Limited,equity,Australia,AUD,Health Care,asx_listed,Equities
EME.AX,Energy Metals Ltd,equity,Australia,AUD,Energy,asx_listed,Equities
EMH.AX,European Metals Holdings Limited,equity,Australia,AUD,Materials,asx_listed,Equities
EML.AX,Eml Payments Limited,equity,Australia,AUD,Financials,asx_listed,Equities
EMN.AX,Euro Manganese Inc,equity,Australia,AUD,Materials,asx_listed,Equities
EMP.AX,Emperor Energy Limited,equity,Australia,AUD,Energy,asx_listed,Equities
EMR.AX,Emerald Resources Nl,equity,Australia,AUD,Materials,asx_listed,Equities
EMT.AX,Emetals Limited,equity,Australia,AUD,,asx_listed,Equities
EMU.AX,Emu Nl,equity,Australia,AUD,Materials,asx_listed,Equities
EMUCA.AX,Emu Nl,equity,Australia,AUD,Materials,asx_listed,Equities
EMV.AX,Emvision Medical Devices Ltd,equity,Australia,AUD,Health Care,asx_listed,Equities
ENLDB.AX,Enlitic Inc.,equity,Australia,AUD,Health Care,asx_listed,Equities
ENP.AX,Entropy Neurodynamics Limited,equity,Australia,AUD,Health Care,asx_listed,Equities
ENR.AX,Encounter Resources Limited,equity,Australia,AUD,Materials,asx_listed,Equities
ENT.AX,Enterprise Metals Limited,equity,Australia,AUD,Materials,asx_listed,Equities
ENV.AX,Enova Mining Limited,equity,Australia,AUD,Materials,asx_listed,Equities
EOL.AX,Energy One Limited,equity,Australia,AUD,Information Technology,asx_listed,Equities
EOS.AX,Electro Optic Systems Holdings Limited,equity,Australia,AUD,Industrials,asx_listed,Equities
EPI.AX,Epiminder Limited,equity,Australia,AUD,Health Care,asx_listed,Equities
EPM.AX,Eclipse Metals Limited.,equity,Australia,AUD,Energy,asx_listed,Equities
EPN.AX,Epsilon Healthcare Limited,equity,Australia,AUD,Health Care,asx_listed,Equities
EPX.AX,Epx Limited,equity,Australia,AUD,Information Technology,asx_listed,Equities
EPY.AX,Earlypay Ltd,equity,Australia,AUD,Financials,asx_listed,Equities
EQR.AX,Eq Resources Limited,equity,Australia,AUD,Materials,asx_listed,Equities
EQT.AX,Eqt Holdings Limited,equity,Australia,AUD,Financials,asx_listed,Equities
EQU.AX,Equus Energy Limited,equity,Australia,AUD,Energy,asx_listed,Equities
EQX.AX,Equatorial Resources Limited,equity,Australia,AUD,Materials,asx_listed,Equities
ERA.AX,Energy Resources Of Australia Limited,equity,Australia,AUD,Energy,asx_listed,Equities
ERD.AX,Eroad Limited,equity,Australia,AUD,Information Technology,asx_listed,Equities
ERE.AX,European Resources Limited,equity,Australia,AUD,Materials,asx_listed,Equities
ERG.AX,Eneco Refresh Ltd,equity,Australia,AUD,Consumer Staples,asx_listed,Equities
ERL.AX,Empire Resources Limited,equity,Australia,AUD,Materials,asx_listed,Equities
ESK.AX,Etherstack Plc,equity,Australia,AUD,Information Technology,asx_listed,Equities
ESR.AX,Estrella Resources Limited,equity,Australia,AUD,Materials,asx_listed,Equities
ETM.AX,Energy Transition Minerals Ltd,equity,Australia,AUD,Materials,asx_listed,Equities
EUR.AX,European Lithium Limited,equity,Australia,AUD,Materials,asx_listed,Equities
EV1.AX,Evolution Energy Minerals Limited,equity,Australia,AUD,Materials,asx_listed,Equities
EV8.AX,Everlast Minerals Ltd.,equity,Australia,AUD,Materials,asx_listed,Equities
EVE.AX,Eve Health Group Limited.,equity,Australia,AUD,Financials,asx_listed,Equities
EVG.AX,Evion Group Nl,equity,Australia,AUD,Materials,asx_listed,Equities
EVN.AX,Evolution Mining Limited,equity,Australia,AUD,Materials,asx_listed,Equities
EVO.AX,Embark Early Education Limited,equity,Australia,AUD,Consumer Discretionary,asx_listed,Equities
EVR.AX,Ev Resources Ltd,equity,Australia,AUD,Materials,asx_listed,Equities
EVT.AX,Evt Limited,equity,Australia,AUD,Communication Services,asx_listed,Equities
EVZ.AX,Evz Limited,equity,Australia,AUD,Industrials,asx_listed,Equities
EWC.AX,Energy World Corporation Ltd,equity,Australia,AUD,Utilities,asx_listed,Equities
EXL.AX,Elixinol Wellness Limited,equity,Australia,AUD,Consumer Staples,asx_listed,Equities
EXP.AX,Experience Co Limited,equity,Australia,AUD,Consumer Discretionary,asx_listed,Equities
EXR.AX,Elixir Energy Limited,equity,Australia,AUD,Energy,asx_listed,Equities
EXT.AX,Excite Technology Services Ltd,equity,Australia,AUD,Information Technology,asx_listed,Equities
EYE.AX,Nova Eye Medical Limited,equity,Australia,AUD,Health Care,asx_listed,Equities
EZL.AX,Euroz Hartleys Group Limited,equity,Australia,AUD,Financials,asx_listed,Equities
EZZ.AX,Ezz Life Science Holdings Limited,equity,Australia,AUD,Consumer Discretionary,asx_listed,Equities
FAL.AX,Falcon Metals Ltd,equity,Australia,AUD,Materials,asx_listed,Equities
FAR.AX,Far Limited,equity,Australia,AUD,Energy,asx_listed,Equities
FAU.AX,First Au Limited,equity,Australia,AUD,Materials,asx_listed,Equities
FBR.AX,Fbr Ltd,equity,Australia,AUD,Industrials,asx_listed,Equities
FBU.AX,Fletcher Building Limited,equity,Australia,AUD,Industrials,asx_listed,Equities
FCG.AX,Freedom Care Group Holdings Limited,equity,Australia,AUD,Health Care,asx_listed,Equities
FCL.AX,Fineos Corporation Holdings Plc,equity,Australia,AUD,Information Technology,asx_listed,Equities
FCT.AX,Firstwave Cloud Technology Limited,equity,Australia,AUD,Information Technology,asx_listed,Equities
FDC.AX,Fdc Consolidated Holdings Limited,equity,Australia,AUD,Industrials,asx_listed,Equities
FDR.AX,Finder Energy Holdings Limited,equity,Australia,AUD,Energy,asx_listed,Equities
FDV.AX,Frontier Digital Ventures Limited,equity,Australia,AUD,Communication Services,asx_listed,Equities
FEG.AX,Far East Gold Ltd,equity,Australia,AUD,Materials,asx_listed,Equities
FEL.AX,Forte Energy Limited,equity,Australia,AUD,Energy,asx_listed,Equities
FEX.AX,Fenix Resources Ltd,equity,Australia,AUD,Materials,asx_listed,Equities
FFG.AX,Fatfish Group Limited,equity,Australia,AUD,Financials,asx_listed,Equities
FFI.AX,Ffi Holdings Limited,equity,Australia,AUD,Consumer Staples,asx_listed,Equities
FFM.AX,Firefly Metals Ltd,equity,Australia,AUD,Materials,asx_listed,Equities
FG1.AX,Flynn Gold Limited,equity,Australia,AUD,Materials,asx_listed,Equities
FGG.AX,Future Generation Global Limited,equity,Australia,AUD,,asx_listed,Equities
FGH.AX,Foresta Group Holdings Limited,equity,Australia,AUD,Materials,asx_listed,Equities
FGR.AX,First Graphene Limited,equity,Australia,AUD,Materials,asx_listed,Equities
FGX.AX,Future Generation Australia Limited,equity,Australia,AUD,,asx_listed,Equities
FHE.AX,Frontier Energy Limited,equity,Australia,AUD,Materials,asx_listed,Equities
FHS.AX,Freehill Mining Limited.,equity,Australia,AUD,Materials,asx_listed,Equities
FID.AX,Fiducian Group Limited,equity,Australia,AUD,Financials,asx_listed,Equities
FIN.AX,Fin Resources Limited,equity,Australia,AUD,Materials,asx_listed,Equities
FL1.AX,First Lithium Limited,equity,Australia,AUD,Materials,asx_listed,Equities
FLC.AX,Fluence Corporation Limited,equity,Australia,AUD,Utilities,asx_listed,Equities
FLG.AX,Flagship Minerals Limited,equity,Australia,AUD,Materials,asx_listed,Equities
FLN.AX,Freelancer Limited,equity,Australia,AUD,Industrials,asx_listed,Equities
FLT.AX,Flight Centre Travel Group Limited,equity,Australia,AUD,Consumer Discretionary,asx_listed,Equities
FLX.AX,Felix Group Holdings Ltd,equity,Australia,AUD,Information Technology,asx_listed,Equities
FME.AX,Future Metals Nl,equity,Australia,AUD,Energy,asx_listed,Equities
FMG.AX,Fortescue Ltd,equity,Australia,AUD,Materials,asx_listed,Equities
FML.AX,Focus Minerals Ltd,equity,Australia,AUD,Materials,asx_listed,Equities
FMN.AX,Famien Resources Limited,equity,Australia,AUD,Materials,asx_listed,Equities
FMR.AX,Fmr Resources Limited,equity,Australia,AUD,Materials,asx_listed,Equities
FND.AX,Findi Limited,equity,Australia,AUD,Information Technology,asx_listed,Equities
FNR.AX,Far Northern Resources Limited,equity,Australia,AUD,Materials,asx_listed,Equities
FNX.AX,Finexia Financial Group Limited,equity,Australia,AUD,Financials,asx_listed,Equities
FOS.AX,Fos Capital Ltd,equity,Australia,AUD,Industrials,asx_listed,Equities
FPC.AX,Fat Prophets Global Contrarian Fund Ltd,equity,Australia,AUD,,asx_listed,Equities
FPH.AX,Fisher & Paykel Healthcare Corporation Limited,equity,Australia,AUD,Health Care,asx_listed,Equities
FPR.AX,Fleetpartners Group Limited,equity,Australia,AUD,Financials,asx_listed,Equities
FRB.AX,Firebird Metals Limited,equity,Australia,AUD,Materials,asx_listed,Equities
FRE.AX,Firebrick Pharma Limited,equity,Australia,AUD,Health Care,asx_listed,Equities
FRI.AX,Finbar Group Limited,equity,Australia,AUD,Real Estate,asx_listed,Equities
FRM.AX,Farm Pride Foods Limited,equity,Australia,AUD,Consumer Staples,asx_listed,Equities
FRS.AX,Forrestania Resources Limited,equity,Australia,AUD,Materials,asx_listed,Equities
FRW.AX,Freightways Group Limited,equity,Australia,AUD,Industrials,asx_listed,Equities
FRX.AX,Flexiroam Limited,equity,Australia,AUD,Communication Services,asx_listed,Equities
FSA.AX,Fsa Group Limited,equity,Australia,AUD,Financials,asx_listed,Equities
FSI.AX,Flagship Investments Limited,equity,Australia,AUD,,asx_listed,Equities
FTI.AX,Fortifai Ltd,equity,Australia,AUD,Communication Services,asx_listed,Equities
FUL.AX,Fulcrum Lithium Ltd,equity,Australia,AUD,Materials,asx_listed,Equities
FUN.AX,Fortuna Metals Ltd,equity,Australia,AUD,Materials,asx_listed,Equities
FWD.AX,Fleetwood Limited,equity,Australia,AUD,Consumer Discretionary,asx_listed,Equities
FXG.AX,Felix Gold Limited,equity,Australia,AUD,Materials,asx_listed,Equities
FZR.AX,Fitzroy River Corporation Ltd,equity,Australia,AUD,Energy,asx_listed,Equities
G11.AX,G11 Resources Limited,equity,Australia,AUD,Materials,asx_listed,Equities
G1C.AX,Group One Capital Limited,equity,Australia,AUD,Real Estate,asx_listed,Equities
G50.AX,G50 Corp Limited,equity,Australia,AUD,Materials,asx_listed,Equities
G6M.AX,Group 6 Metals Limited,equity,Australia,AUD,Materials,asx_listed,Equities
G88.AX,Golden Mile Resources Ltd,equity,Australia,AUD,Materials,asx_listed,Equities
GA8.AX,Goldarc Resources Limited,equity,Australia,AUD,Materials,asx_listed,Equities
GAL.AX,Galileo Mining Ltd,equity,Australia,AUD,Materials,asx_listed,Equities
GAP.AX,Gale Pacific Limited,equity,Australia,AUD,Consumer Discretionary,asx_listed,Equities
GAS.AX,State Gas Limited,equity,Australia,AUD,Energy,asx_listed,Equities
GBE.AX,Globe Metals & Mining Limited,equity,Australia,AUD,Materials,asx_listed,Equities
GBL.AX,Great Bear Exploration Ltd,equity,Australia,AUD,Energy,asx_listed,Equities
GBM.AX,Gbm Resources Limited.,equity,Australia,AUD,Materials,asx_listed,Equities
GBR.AX,Great Boulder Resources Limited,equity,Australia,AUD,Materials,asx_listed,Equities
GC1.AX,Glennon Small Companies Limited,equity,Australia,AUD,,asx_listed,Equities
GCI.AX,Gryphon Capital Income Trust,equity,Australia,AUD,,asx_listed,Equities
GCM.AX,Gcm Corporation Limited,equity,Australia,AUD,Materials,asx_listed,Equities
GCR.AX,Golden Cross Resources Ltd,equity,Australia,AUD,Materials,asx_listed,Equities
GDF.AX,Garda Property Group,equity,Australia,AUD,Real Estate,asx_listed,Equities
GDG.AX,Generation Development Group Limited,equity,Australia,AUD,Financials,asx_listed,Equities
GDI.AX,Gdi Property Group,equity,Australia,AUD,Real Estate,asx_listed,Equities
GDM.AX,Great Divide Mining Ltd,equity,Australia,AUD,Materials,asx_listed,Equities
GDR.AX,Golden Dragon Mining Ltd,equity,Australia,AUD,Materials,asx_listed,Equities
GED.AX,Golden Deeps Limited.,equity,Australia,AUD,Materials,asx_listed,Equities
GEM.AX,G8 Education Limited,equity,Australia,AUD,Consumer Discretionary,asx_listed,Equities
GEN.AX,Genmin Limited,equity,Australia,AUD,Materials,asx_listed,Equities
GES.AX,Genesis Resources Limited,equity,Australia,AUD,Materials,asx_listed,Equities
GFL.AX,Global Masters Fund Limited,equity,Australia,AUD,,asx_listed,Equities
GG1.AX,Green & Gold Minerals Limited,equity,Australia,AUD,Materials,asx_listed,Equities
GG8.AX,Gorilla Gold Mines Ltd,equity,Australia,AUD,Materials,asx_listed,Equities
GGE.AX,Grand Gulf Energy Limited,equity,Australia,AUD,Energy,asx_listed,Equities
GGM.AX,Global Gold Mining Limited,equity,Australia,AUD,Materials,asx_listed,Equities
GGP.AX,Greatland Resources Limited,equity,Australia,AUD,Materials,asx_listed,Equities
GGR.AX,Golden Globe Resources Ltd.,equity,Australia,AUD,Materials,asx_listed,Equities
GHM.AX,Golden Horse Minerals Limited,equity,Australia,AUD,Materials,asx_listed,Equities
GHY.AX,Gold Hydrogen Limited,equity,Australia,AUD,Energy,asx_listed,Equities
GIB.AX,Gibb River Diamonds Limited,equity,Australia,AUD,Materials,asx_listed,Equities
GL1.AX,Global Lithium Resources Limited,equity,Australia,AUD,Materials,asx_listed,Equities
GLB.AX,Globe International Limited,equity,Australia,AUD,Consumer Discretionary,asx_listed,Equities
GLE.AX,Glg Corp Ltd,equity,Australia,AUD,Consumer Discretionary,asx_listed,Equities
GLF.AX,Gemlife Communities Group,equity,Australia,AUD,Real Estate,asx_listed,Equities
GLH.AX,Global Health Limited,equity,Australia,AUD,Health Care,asx_listed,Equities
GLL.AX,Galilee Energy Limited,equity,Australia,AUD,Energy,asx_listed,Equities
GLN.AX,Galan Lithium Limited,equity,Australia,AUD,Materials,asx_listed,Equities
GLS.AX,L1 Global Long Short Fund Limited,equity,Australia,AUD,,asx_listed,Equities
GMD.AX,Genesis Minerals Limited,equity,Australia,AUD,Materials,asx_listed,Equities
GMG.AX,Goodman Group,equity,Australia,AUD,Real Estate,asx_listed,Equities
GML.AX,Gateway Mining Limited,equity,Australia,AUD,Materials,asx_listed,Equities
GMN.AX,Gold Mountain Limited,equity,Australia,AUD,Materials,asx_listed,Equities
GNC.AX,Graincorp Limited,equity,Australia,AUD,Consumer Staples,asx_listed,Equities
GNE.AX,Genesis Energy Limited,equity,Australia,AUD,Utilities,asx_listed,Equities
GNG.AX,Gr Engineering Services Limited,equity,Australia,AUD,Materials,asx_listed,Equities
GNM.AX,Great Northern Minerals Limited,equity,Australia,AUD,Materials,asx_listed,Equities
GNP.AX,Genusplus Group Ltd,equity,Australia,AUD,Industrials,asx_listed,Equities
GOW.AX,Gowing Bros Limited,equity,Australia,AUD,Financials,asx_listed,Equities
GOZ.AX,Growthpoint Properties Australia,equity,Australia,AUD,Real Estate,asx_listed,Equities
GPR.AX,Geopacific Resources Ltd,equity,Australia,AUD,Materials,asx_listed,Equities
GPT.AX,Gpt Group,equity,Australia,AUD,Real Estate,asx_listed,Equities
GQG.AX,Gqg Partners Inc.,equity,Australia,AUD,Financials,asx_listed,Equities
GR8.AX,Great Dirt Resources Ltd,equity,Australia,AUD,Materials,asx_listed,Equities
GRE.AX,Greentech Metals Limited,equity,Australia,AUD,Materials,asx_listed,Equities
GRR.AX,Grange Resources Limited.,equity,Australia,AUD,Materials,asx_listed,Equities
GRS.AX,Gwardar Resources Limited,equity,Australia,AUD,Materials,asx_listed,Equities
GRV.AX,Greenvale Energy Ltd,equity,Australia,AUD,Energy,asx_listed,Equities
GRX.AX,Greenx Metals Limited,equity,Australia,AUD,Materials,asx_listed,Equities
GSM.AX,Golden State Mining Limited,equity,Australia,AUD,Materials,asx_listed,Equities
GSN.AX,Great Southern Mining Limited,equity,Australia,AUD,Materials,asx_listed,Equities
GSS.AX,Genetic Signatures Limited,equity,Australia,AUD,Health Care,asx_listed,Equities
GT1.AX,Green Technology Metals Limited,equity,Australia,AUD,Materials,asx_listed,Equities
GT3.AX,Green360 Technologies Limited,equity,Australia,AUD,Materials,asx_listed,Equities
GTE.AX,Great Western Exploration Limited.,equity,Australia,AUD,Materials,asx_listed,Equities
GTG.AX,Genetic Technologies Limited,equity,Australia,AUD,Health Care,asx_listed,Equities
GTI.AX,Gratifii Limited,equity,Australia,AUD,Information Technology,asx_listed,Equities
GTK.AX,Gentrack Group Limited,equity,Australia,AUD,Information Technology,asx_listed,Equities
GTN.AX,Gtn Limited,equity,Australia,AUD,Communication Services,asx_listed,Equities
GUL.AX,Gullewa Limited,equity,Australia,AUD,Materials,asx_listed,Equities
GUM.AX,Gumtree Australia Markets Limited,equity,Australia,AUD,Communication Services,asx_listed,Equities
GVF.AX,Staude Capital Global Value Fund Limited,equity,Australia,AUD,,asx_listed,Equities
GW1.AX,Greenwing Resources Ltd,equity,Australia,AUD,Materials,asx_listed,Equities
GWA.AX,Gwa Group Limited.,equity,Australia,AUD,Industrials,asx_listed,Equities
GWR.AX,Gwr Group Limited,equity,Australia,AUD,Materials,asx_listed,Equities
GYG.AX,Guzman Y Gomez Limited,equity,Australia,AUD,Consumer Discretionary,asx_listed,Equities
H2G.AX,H2G Limited,equity,Australia,AUD,Industrials,asx_listed,Equities
H3E.AX,H3 Energy Limited,equity,Australia,AUD,Energy,asx_listed,Equities
HAL.AX,Halo Technologies Holdings Ltd,equity,Australia,AUD,Financials,asx_listed,Equities
HAR.AX,Haranga Resources Limited.,equity,Australia,AUD,Materials,asx_listed,Equities
HAS.AX,Hastings Technology Metals Ltd,equity,Australia,AUD,Materials,asx_listed,Equities
HAV.AX,Havilah Resources Limited,equity,Australia,AUD,Materials,asx_listed,Equities
HAW.AX,Hawthorn Resources Limited,equity,Australia,AUD,Materials,asx_listed,Equities
HCF.AX,H&G High Conviction Limited,equity,Australia,AUD,,asx_listed,Equities
HCH.AX,Hot Chili Limited,equity,Australia,AUD,Materials,asx_listed,Equities
HCL.AX,Highcom Limited,equity,Australia,AUD,Industrials,asx_listed,Equities
HCT.AX,Holista Colltech Limited,equity,Australia,AUD,Consumer Staples,asx_listed,Equities
HCW.AX,Healthco Healthcare And Wellness Reit,equity,Australia,AUD,Real Estate,asx_listed,Equities
HDN.AX,Homeco Daily Needs Reit,equity,Australia,AUD,Real Estate,asx_listed,Equities
HE8.AX,Helios Energy Ltd,equity,Australia,AUD,Energy,asx_listed,Equities
HFR.AX,Highfield Resources Limited,equity,Australia,AUD,Materials,asx_listed,Equities
HFY.AX,Hubify Limited,equity,Australia,AUD,Communication Services,asx_listed,Equities
HGH.AX,Heartland Group Holdings Limited,equity,Australia,AUD,Financials,asx_listed,Equities
HIO.AX,Hawsons Iron Ltd,equity,Australia,AUD,Materials,asx_listed,Equities
HIQ.AX,Hitiq Limited,equity,Australia,AUD,Health Care,asx_listed,Equities
HIT.AX,Hitech Group Australia Limited,equity,Australia,AUD,Industrials,asx_listed,Equities
HLI.AX,Helia Group Limited,equity,Australia,AUD,Financials,asx_listed,Equities
HLO.AX,Helloworld Travel Limited,equity,Australia,AUD,Consumer Discretionary,asx_listed,Equities
HLS.AX,Healius Limited,equity,Australia,AUD,Health Care,asx_listed,Equities
HLX.AX,Helix Resources Limited,equity,Australia,AUD,Materials,asx_listed,Equities
HM1.AX,Hearts And Minds Investments Limited,equity,Australia,AUD,,asx_listed,Equities
HMC.AX,Hmc Capital Limited,equity,Australia,AUD,Financials,asx_listed,Equities
HMD.AX,Heramed Limited,equity,Australia,AUD,Health Care,asx_listed,Equities
HMG.AX,Hamelin Gold Limited,equity,Australia,AUD,Materials,asx_listed,Equities
HMI.AX,Hiremii Limited,equity,Australia,AUD,Industrials,asx_listed,Equities
HMX.AX,Hammer Metals Limited,equity,Australia,AUD,Materials,asx_listed,Equities
HMY.AX,Harmoney Corp Limited,equity,Australia,AUD,Financials,asx_listed,Equities
HOR.AX,Horseshoe Metals Limited,equity,Australia,AUD,Materials,asx_listed,Equities
HPC.AX,The Hydration Pharmaceuticals Company Limited,equity,Australia,AUD,Consumer Staples,asx_listed,Equities
HPG.AX,Hipages Group Holdings Ltd,equity,Australia,AUD,Communication Services,asx_listed,Equities
HPR.AX,High Peak Royalties Limited,equity,Australia,AUD,Energy,asx_listed,Equities
HRE.AX,Heavy Rare Earths Limited,equity,Australia,AUD,Materials,asx_listed,Equities
HRN.AX,Horizon Gold Limited,equity,Australia,AUD,Materials,asx_listed,Equities
HSN.AX,Hansen Technologies Limited,equity,Australia,AUD,Information Technology,asx_listed,Equities
HT8.AX,Harris Technology Group Limited,equity,Australia,AUD,Industrials,asx_listed,Equities
HTM.AX,High-Tech Metals Ltd,equity,Australia,AUD,Materials,asx_listed,Equities
HUB.AX,Hub24 Limited,equity,Australia,AUD,Financials,asx_listed,Equities
HUM.AX,Humm Group Limited,equity,Australia,AUD,Financials,asx_listed,Equities
HVN.AX,Harvey Norman Holdings Limited,equity,Australia,AUD,Consumer Discretionary,asx_listed,Equities
HVY.AX,Heavy Minerals Limited,equity,Australia,AUD,Materials,asx_listed,Equities
HWK.AX,Hawk Resources Limited.,equity,Australia,AUD,Materials,asx_listed,Equities
HXL.AX,Hexima Limited.,equity,Australia,AUD,Health Care,asx_listed,Equities
HYD.AX,Hydrix Limited,equity,Australia,AUD,Information Technology,asx_listed,Equities
HYT.AX,Hyterra Ltd,equity,Australia,AUD,Energy,asx_listed,Equities
HZN.AX,Horizon Oil Limited,equity,Australia,AUD,Energy,asx_listed,Equities
HZR.AX,Hazer Group Limited,equity,Australia,AUD,Materials,asx_listed,Equities
I88.AX,Infini Resources Limited,equity,Australia,AUD,Materials,asx_listed,Equities
IAG.AX,Insurance Australia Group Limited,equity,Australia,AUD,Financials,asx_listed,Equities
IAM.AX,Income Asset Management Group Limited.,equity,Australia,AUD,Financials,asx_listed,Equities
IBC.AX,Ironbark Balanced Income Limited,equity,Australia,AUD,,asx_listed,Equities
IBR.AX,Iron Bear Resources Ltd,equity,Australia,AUD,Materials,asx_listed,Equities
IBX.AX,Imagion Biosystems Limited,equity,Australia,AUD,Health Care,asx_listed,Equities
ICE.AX,Icetana Limited,equity,Australia,AUD,Information Technology,asx_listed,Equities
ICL.AX,Iceni Gold Limited,equity,Australia,AUD,Materials,asx_listed,Equities
ICR.AX,Intelicare Holdings Limited,equity,Australia,AUD,Health Care,asx_listed,Equities
ICU.AX,Investor Centre Limited,equity,Australia,AUD,Financials,asx_listed,Equities
ID8.AX,Identitii Limited,equity,Australia,AUD,Information Technology,asx_listed,Equities
IDA.AX,Indiana Resources Limited,equity,Australia,AUD,Materials,asx_listed,Equities
IDT.AX,Idt Australia Limited,equity,Australia,AUD,Health Care,asx_listed,Equities
IDX.AX,Integral Diagnostics Limited,equity,Australia,AUD,Health Care,asx_listed,Equities
IEL.AX,Idp Education Limited,equity,Australia,AUD,Consumer Discretionary,asx_listed,Equities
IEQ.AX,International Equities Corporation Limited.,equity,Australia,AUD,Real Estate,asx_listed,Equities
IFG.AX,Infocus Group Holdings Limited,equity,Australia,AUD,Information Technology,asx_listed,Equities
IFN.AX,Infragreen Group Limited,equity,Australia,AUD,Industrials,asx_listed,Equities
IFT.AX,Infratil Limited.,equity,Australia,AUD,Industrials,asx_listed,Equities
IG6.AX,International Graphite Limited,equity,Australia,AUD,Industrials,asx_listed,Equities
IGL.AX,Ive Group Limited,equity,Australia,AUD,Communication Services,asx_listed,Equities
IGN.AX,Ignite Limited,equity,Australia,AUD,Industrials,asx_listed,Equities
IGO.AX,Igo Limited,equity,Australia,AUD,Materials,asx_listed,Equities
IIQ.AX,Inoviq Ltd,equity,Australia,AUD,Health Care,asx_listed,Equities
IKE.AX,Ikegps Group Limited,equity,Australia,AUD,Information Technology,asx_listed,Equities
ILA.AX,Island Pharmaceuticals Limited,equity,Australia,AUD,Health Care,asx_listed,Equities
ILT.AX,Iltani Resources Limited.,equity,Australia,AUD,Materials,asx_listed,Equities
ILU.AX,Iluka Resources Limited,equity,Australia,AUD,Materials,asx_listed,Equities
IMA.AX,Image Resources Nl,equity,Australia,AUD,Materials,asx_listed,Equities
IMB.AX,Intelligent Monitoring Group Limited,equity,Australia,AUD,Industrials,asx_listed,Equities
IMC.AX,Immuron Limited,equity,Australia,AUD,Health Care,asx_listed,Equities
IMD.AX,Imdex Limited,equity,Australia,AUD,Materials,asx_listed,Equities
IME.AX,Imexhs Limited,equity,Australia,AUD,Health Care,asx_listed,Equities
IMI.AX,Infinity Mining Limited,equity,Australia,AUD,Materials,asx_listed,Equities
IMM.AX,Immutep Limited,equity,Australia,AUD,Health Care,asx_listed,Equities
IMR.AX,Imricor Medical Systems Inc.,equity,Australia,AUD,Health Care,asx_listed,Equities
IMU.AX,Imugene Limited,equity,Australia,AUD,Health Care,asx_listed,Equities
INA.AX,Ingenia Communities Group,equity,Australia,AUD,Real Estate,asx_listed,Equities
IND.AX,Industrial Minerals Ltd,equity,Australia,AUD,Materials,asx_listed,Equities
INF.AX,Infinity Metals Limited,equity,Australia,AUD,Materials,asx_listed,Equities
ING.AX,Inghams Group Limited,equity,Australia,AUD,Consumer Staples,asx_listed,Equities
INR.AX,Ioneer Ltd,equity,Australia,AUD,Materials,asx_listed,Equities
INV.AX,Investsmart Group Limited,equity,Australia,AUD,Financials,asx_listed,Equities
IOD.AX,Iodm Limited,equity,Australia,AUD,Information Technology,asx_listed,Equities
ION.AX,Iondrive Limited,equity,Australia,AUD,Materials,asx_listed,Equities
IOV.AX,Ion Video Ltd,equity,Australia,AUD,Information Technology,asx_listed,Equities
IPC.AX,Imperial Pacific Limited,equity,Australia,AUD,Financials,asx_listed,Equities
IPD.AX,Impedimed Limited,equity,Australia,AUD,Health Care,asx_listed,Equities
IPG.AX,Ipd Group Ltd,equity,Australia,AUD,Industrials,asx_listed,Equities
IPH.AX,Iph Limited,equity,Australia,AUD,Industrials,asx_listed,Equities
IPT.AX,Impact Minerals Limited,equity,Australia,AUD,Materials,asx_listed,Equities
IPTN.AX,Impact Minerals Limited,equity,Australia,AUD,Materials,asx_listed,Equities
IPX.AX,Iperionx Limited,equity,Australia,AUD,Materials,asx_listed,Equities
IRD.AX,Iron Road Limited,equity,Australia,AUD,Materials,asx_listed,Equities
IRE.AX,Iress Limited,equity,Australia,AUD,Information Technology,asx_listed,Equities
IRI.AX,Integrated Research Limited,equity,Australia,AUD,Information Technology,asx_listed,Equities
IS3.AX,I Synergy Group Limited,equity,Australia,AUD,Information Technology,asx_listed,Equities
ITM.AX,Itech Minerals Ltd,equity,Australia,AUD,Materials,asx_listed,Equities
ITS.AX,Infotrust Ltd,equity,Australia,AUD,Information Technology,asx_listed,Equities
IVG.AX,Invert Graphite Limited,equity,Australia,AUD,Health Care,asx_listed,Equities
IVR.AX,Investigator Silver Limited,equity,Australia,AUD,Materials,asx_listed,Equities
IVX.AX,Invion Limited,equity,Australia,AUD,Health Care,asx_listed,Equities
IVZ.AX,Invictus Energy Ltd,equity,Australia,AUD,Energy,asx_listed,Equities
IXC.AX,Invex Therapeutics Ltd,equity,Australia,AUD,Health Care,asx_listed,Equities
IXR.AX,Ionic Rare Earths Limited,equity,Australia,AUD,Materials,asx_listed,Equities
JAL.AX,Jameson Resources Limited,equity,Australia,AUD,Materials,asx_listed,Equities
JAN.AX,Janison Education Group Limited,equity,Australia,AUD,Information Technology,asx_listed,Equities
JAT.AX,Jatcorp Limited,equity,Australia,AUD,Consumer Discretionary,asx_listed,Equities
JAV.AX,Javelin Minerals Limited,equity,Australia,AUD,Materials,asx_listed,Equities
JBH.AX,Jb Hi-Fi Limited,equity,Australia,AUD,Consumer Discretionary,asx_listed,Equities
JCS.AX,Jcurve Solutions Ltd,equity,Australia,AUD,Information Technology,asx_listed,Equities
JDO.AX,Judo Capital Holdings Limited,equity,Australia,AUD,Financials,asx_listed,Equities
JGH.AX,Jade Gas Holdings Limited,equity,Australia,AUD,Materials,asx_listed,Equities
JHX.AX,James Hardie Industries Plc,equity,Australia,AUD,Materials,asx_listed,Equities
JIN.AX,Jumbo Interactive Limited,equity,Australia,AUD,Consumer Discretionary,asx_listed,Equities
JLL.AX,Jindalee Lithium Limited,equity,Australia,AUD,Materials,asx_listed,Equities
JMS.AX,Jupiter Mines Limited.,equity,Australia,AUD,Materials,asx_listed,Equities
JNO.AX,Juno Minerals Limited,equity,Australia,AUD,Materials,asx_listed,Equities
JNS.AX,Janus Electric Holdings Limited,equity,Australia,AUD,Utilities,asx_listed,Equities
JPR.AX,Jupiter Energy Limited,equity,Australia,AUD,Energy,asx_listed,Equities
JYC.AX,Joyce Corporation Ltd,equity,Australia,AUD,Consumer Discretionary,asx_listed,Equities
KAL.AX,Kalgoorlie Gold Mining Limited,equity,Australia,AUD,Materials,asx_listed,Equities
KAM.AX,K2 Asset Management Holdings Ltd,equity,Australia,AUD,Financials,asx_listed,Equities
KAN.AX,Kantra Copper Ltd,equity,Australia,AUD,Materials,asx_listed,Equities
KAO.AX,Kaoko Metals Limited,equity,Australia,AUD,Materials,asx_listed,Equities
KAR.AX,Karoon Energy Ltd,equity,Australia,AUD,Energy,asx_listed,Equities
KAT.AX,Katana Capital Limited,equity,Australia,AUD,,asx_listed,Equities
KAU.AX,Kaiser Reef Limited,equity,Australia,AUD,Materials,asx_listed,Equities
KCC.AX,Kincora Copper Limited,equity,Australia,AUD,Materials,asx_listed,Equities
KCN.AX,Kingsgate Consolidated Limited.,equity,Australia,AUD,Materials,asx_listed,Equities
KEY.AX,Key Petroleum Limited,equity,Australia,AUD,Energy,asx_listed,Equities
KFM.AX,Kingfisher Mining Ltd,equity,Australia,AUD,Materials,asx_listed,Equities
KGL.AX,Kgl Resources Limited,equity,Australia,AUD,Materials,asx_listed,Equities
KGN.AX,Kogan.Com Ltd,equity,Australia,AUD,Consumer Discretionary,asx_listed,Equities
KIT.AX,Kapstream Investment Trust,equity,Australia,AUD,,asx_listed,Equities
KKC.AX,Kkr Credit Income Fund,equity,Australia,AUD,,asx_listed,Equities
KKO.AX,Kinetiko Energy Ltd,equity,Australia,AUD,Energy,asx_listed,Equities
KLI.AX,Killi Resources Limited,equity,Australia,AUD,Materials,asx_listed,Equities
KLR.AX,Kaili Resources Limited,equity,Australia,AUD,Energy,asx_listed,Equities
KLS.AX,Kelsian Group Limited,equity,Australia,AUD,Industrials,asx_listed,Equities
KLV.AX,Klevo Group Limited,equity,Australia,AUD,Industrials,asx_listed,Equities
KM1.AX,Kali Metals Limited,equity,Australia,AUD,Materials,asx_listed,Equities
KMD.AX,Kmd Brands Limited,equity,Australia,AUD,Consumer Discretionary,asx_listed,Equities
KME.AX,Kip Mcgrath Education Centres Limited,equity,Australia,AUD,Consumer Discretionary,asx_listed,Equities
KNB.AX,Koonenberry Gold Limited,equity,Australia,AUD,Materials,asx_listed,Equities
KNG.AX,Kingsland Minerals Ltd,equity,Australia,AUD,Materials,asx_listed,Equities
KNI.AX,Kuniko Limited,equity,Australia,AUD,Materials,asx_listed,Equities
KNO.AX,Knosys Limited,equity,Australia,AUD,Information Technology,asx_listed,Equities
KOA.AX,The Koala Company Limited,equity,Australia,AUD,Consumer Discretionary,asx_listed,Equities
KOB.AX,Koba Resources Limited,equity,Australia,AUD,Materials,asx_listed,Equities
KOV.AX,Korvest Ltd,equity,Australia,AUD,Industrials,asx_listed,Equities
KP2.AX,Kore Potash Plc,equity,Australia,AUD,Materials,asx_listed,Equities
KPG.AX,Kelly Partners Group Holdings Limited,equity,Australia,AUD,Industrials,asx_listed,Equities
KPO.AX,Kalina Power Limited,equity,Australia,AUD,Utilities,asx_listed,Equities
KRM.AX,Kingsrose Mining Limited,equity,Australia,AUD,Materials,asx_listed,Equities
KRR.AX,King River Resources Limited,equity,Australia,AUD,Materials,asx_listed,Equities
KSC.AX,K & S Corporation Limited,equity,Australia,AUD,Industrials,asx_listed,Equities
KSL.AX,Kina Securities Limited,equity,Australia,AUD,Financials,asx_listed,Equities
KSN.AX,Kingston Resources Limited,equity,Australia,AUD,Materials,asx_listed,Equities
KTA.AX,Krakatoa Resources Limited,equity,Australia,AUD,Materials,asx_listed,Equities
KTK.AX,Ktek Aerosystems Ltd,equity,Australia,AUD,Industrials,asx_listed,Equities
KYN.AX,Kyron Capital Group,equity,Australia,AUD,Consumer Discretionary,asx_listed,Equities
KYP.AX,Kinatico Ltd,equity,Australia,AUD,Information Technology,asx_listed,Equities
KZR.AX,Kalamazoo Resources Limited,equity,Australia,AUD,Materials,asx_listed,Equities
L1G.AX,L1 Group Limited,equity,Australia,AUD,Financials,asx_listed,Equities
L1M.AX,Lightning Minerals Ltd,equity,Australia,AUD,Materials,asx_listed,Equities
LAC.AX,Lac Gold Limited,equity,Australia,AUD,Materials,asx_listed,Equities
LAM.AX,Laramide Resources Ltd,equity,Australia,AUD,Energy,asx_listed,Equities
LAT.AX,Latitude 66 Limited,equity,Australia,AUD,Materials,asx_listed,Equities
LAU.AX,Lindsay Australia Limited,equity,Australia,AUD,Industrials,asx_listed,Equities
LBL.AX,Laserbond Limited,equity,Australia,AUD,Industrials,asx_listed,Equities
LCE.AX,London City Equities Limited,equity,Australia,AUD,Financials,asx_listed,Equities
LCL.AX,Lcl Resources Limited,equity,Australia,AUD,Materials,asx_listed,Equities
LCY.AX,Legacy Iron Ore Limited,equity,Australia,AUD,Materials,asx_listed,Equities
LDR.AX,Lode Resources Ltd,equity,Australia,AUD,Materials,asx_listed,Equities
LDX.AX,Lumos Diagnostics Holdings Limited,equity,Australia,AUD,Health Care,asx_listed,Equities
LED.AX,Ldr Capital Property Fund,equity,Australia,AUD,Real Estate,asx_listed,Equities
LEG.AX,Legend Mining Limited,equity,Australia,AUD,Materials,asx_listed,Equities
LEL.AX,Le Minerals Limited,equity,Australia,AUD,Materials,asx_listed,Equities
LEX.AX,Lefroy Exploration Limited,equity,Australia,AUD,Materials,asx_listed,Equities
LF1.AX,La Trobe Private Credit Fund,equity,Australia,AUD,,asx_listed,Equities
LFG.AX,Liberty Financial Group,equity,Australia,AUD,Financials,asx_listed,Equities
LFS.AX,Latitude Group Holdings Limited,equity,Australia,AUD,Financials,asx_listed,Equities
LFT.AX,Li-Ft Power Ltd.,equity,Australia,AUD,Materials,asx_listed,Equities
LGF.AX,L1 Gold Fund Limited,equity,Australia,AUD,,asx_listed,Equities
LGI.AX,Lgi Limited,equity,Australia,AUD,Utilities,asx_listed,Equities
LGM.AX,Legacy Minerals Holdings Limited,equity,Australia,AUD,Materials,asx_listed,Equities
LGP.AX,Little Green Pharma Ltd,equity,Australia,AUD,Health Care,asx_listed,Equities
LIB.AX,Liberty Metals Ltd,equity,Australia,AUD,Materials,asx_listed,Equities
LIC.AX,Lifestyle Communities Limited,equity,Australia,AUD,Real Estate,asx_listed,Equities
LIN.AX,Lindian Resources Limited,equity,Australia,AUD,Materials,asx_listed,Equities
LIO.AX,Lion Energy Limited,equity,Australia,AUD,Energy,asx_listed,Equities
LIS.AX,Li-S Energy Limited,equity,Australia,AUD,Industrials,asx_listed,Equities
LIT.AX,Livium Ltd,equity,Australia,AUD,Materials,asx_listed,Equities
LKE.AX,Lake Resources N.L.,equity,Australia,AUD,Materials,asx_listed,Equities
LKO.AX,Lakes Blue Energy Nl,equity,Australia,AUD,Energy,asx_listed,Equities
LKY.AX,Locksley Resources Limited,equity,Australia,AUD,Materials,asx_listed,Equities
LLC.AX,Lendlease Group,equity,Australia,AUD,Real Estate,asx_listed,Equities
LM1.AX,Leeuwin Metals Ltd,equity,Australia,AUD,Materials,asx_listed,Equities
LM8.AX,Lunnon Metals Limited,equity,Australia,AUD,Materials,asx_listed,Equities
LMG.AX,Latrobe Magnesium Limited,equity,Australia,AUD,Materials,asx_listed,Equities
LML.AX,Lincoln Minerals Limited,equity,Australia,AUD,Materials,asx_listed,Equities
LMS.AX,Litchfield Minerals Limited,equity,Australia,AUD,Materials,asx_listed,Equities
LNQ.AX,Linq Minerals Limited,equity,Australia,AUD,Materials,asx_listed,Equities
LNW.AX,Light & Wonder Inc.,equity,Australia,AUD,Consumer Discretionary,asx_listed,Equities
LOT.AX,Lotus Resources Limited,equity,Australia,AUD,Materials,asx_listed,Equities
LOV.AX,Lovisa Holdings Limited,equity,Australia,AUD,Consumer Discretionary,asx_listed,Equities
LPE.AX,Locality Planning Energy Holdings Limited,equity,Australia,AUD,Utilities,asx_listed,Equities
LPM.AX,Lithium Plus Minerals Ltd.,equity,Australia,AUD,Materials,asx_listed,Equities
LRD.AX,Lord Resources Limited,equity,Australia,AUD,Materials,asx_listed,Equities
LRK.AX,Lark Distilling Co. Ltd,equity,Australia,AUD,Consumer Staples,asx_listed,Equities
LRM.AX,Lion Rock Minerals Ltd,equity,Australia,AUD,Materials,asx_listed,Equities
LRT.AX,Lowell Resources Fund,equity,Australia,AUD,,asx_listed,Equities
LRV.AX,Larvotto Resources Limited,equity,Australia,AUD,Materials,asx_listed,Equities
LSA.AX,Lachlan Star Limited,equity,Australia,AUD,Materials,asx_listed,Equities
LSF.AX,L1 Long Short Fund Limited,equity,Australia,AUD,,asx_listed,Equities
LSR.AX,Lodestar Minerals Limited,equity,Australia,AUD,Materials,asx_listed,Equities
LSX.AX,Lion Selection Group Limited.,equity,Australia,AUD,,asx_listed,Equities
LTP.AX,Ltr Pharma Limited,equity,Australia,AUD,Health Care,asx_listed,Equities
LTR.AX,Liontown Limited,equity,Australia,AUD,Materials,asx_listed,Equities
LU7.AX,Lithium Universe Limited,equity,Australia,AUD,Materials,asx_listed,Equities
LUX.AX,Lux Copper Corp. Ltd,equity,Australia,AUD,Materials,asx_listed,Equities
LVE.AX,Love Group Global Ltd,equity,Australia,AUD,Information Technology,asx_listed,Equities
LYC.AX,Lynas Rare Earths Limited,equity,Australia,AUD,Materials,asx_listed,Equities
LYL.AX,Lycopodium Limited,equity,Australia,AUD,Industrials,asx_listed,Equities
M24.AX,Mamba Exploration Limited,equity,Australia,AUD,Materials,asx_listed,Equities
M2M.AX,Mt Malcolm Mines Nl,equity,Australia,AUD,Materials,asx_listed,Equities
M2R.AX,Miramar Resources Limited,equity,Australia,AUD,Materials,asx_listed,Equities
M3M.AX,M3 Mining Limited,equity,Australia,AUD,Materials,asx_listed,Equities
M4M.AX,Macro Metals Limited,equity,Australia,AUD,Materials,asx_listed,Equities
M79.AX,Mammoth Minerals Limited,equity,Australia,AUD,Materials,asx_listed,Equities
M7T.AX,Mach7 Technologies Limited,equity,Australia,AUD,Health Care,asx_listed,Equities
M96.AX,Maverick Minerals Australia Ltd,equity,Australia,AUD,Materials,asx_listed,Equities
MA1.AX,Ma Credit Income Trust,equity,Australia,AUD,,asx_listed,Equities
MAD.AX,Mader Group Limited,equity,Australia,AUD,Industrials,asx_listed,Equities
MAF.AX,Ma Financial Group Limited,equity,Australia,AUD,Financials,asx_listed,Equities
MAG.AX,Magmatic Resources Limited,equity,Australia,AUD,Materials,asx_listed,Equities
MAH.AX,Macmahon Holdings Limited,equity,Australia,AUD,Materials,asx_listed,Equities
MAM.AX,Microequities Asset Management Group Limited,equity,Australia,AUD,Financials,asx_listed,Equities
MAN.AX,Mandrake Resources Limited,equity,Australia,AUD,Materials,asx_listed,Equities
MAP.AX,Microba Life Sciences Limited,equity,Australia,AUD,Health Care,asx_listed,Equities
MAQ.AX,Macquarie Technology Group Limited,equity,Australia,AUD,Information Technology,asx_listed,Equities
MAT.AX,Matsa Resources Limited,equity,Australia,AUD,Materials,asx_listed,Equities
MAY.AX,Melbana Energy Limited,equity,Australia,AUD,Energy,asx_listed,Equities
MBG.AX,Mb Gold Limited,equity,Australia,AUD,Materials,asx_listed,Equities
MBH.AX,Maggie Beer Holdings Ltd,equity,Australia,AUD,Consumer Staples,asx_listed,Equities
MBK.AX,Metal Bank Limited,equity,Australia,AUD,Materials,asx_listed,Equities
MC2.AX,Marimaca Copper Corp.,equity,Australia,AUD,Materials,asx_listed,Equities
MCA.AX,Murray Cod Australia Limited,equity,Australia,AUD,Consumer Staples,asx_listed,Equities
MCM.AX,Mc Mining Limited,equity,Australia,AUD,Energy,asx_listed,Equities
MCO.AX,Myeco Group Ltd,equity,Australia,AUD,Materials,asx_listed,Equities
MCP.AX,Mcpherson'S Limited,equity,Australia,AUD,Consumer Staples,asx_listed,Equities
MCY.AX,Mercury Nz Limited,equity,Australia,AUD,Utilities,asx_listed,Equities
MDI.AX,Middle Island Resources Limited,equity,Australia,AUD,Materials,asx_listed,Equities
MDX.AX,Mindax Limited,equity,Australia,AUD,Materials,asx_listed,Equities
MEC.AX,Morphic Ethical Equities Fund Limited,equity,Australia,AUD,Financials,asx_listed,Equities
MEG.AX,Megado Minerals Ltd,equity,Australia,AUD,Materials,asx_listed,Equities
MEI.AX,Meteoric Resources Limited,equity,Australia,AUD,Materials,asx_listed,Equities
MEK.AX,Meeka Metals Limited,equity,Australia,AUD,Materials,asx_listed,Equities
MEL.AX,Metgasco Ltd,equity,Australia,AUD,Energy,asx_listed,Equities
MEM.AX,Memphasys Limited.,equity,Australia,AUD,Health Care,asx_listed,Equities
MEU.AX,Marmota Limited,equity,Australia,AUD,Energy,asx_listed,Equities
MEX.AX,Minerals Exploration Limited,equity,Australia,AUD,Materials,asx_listed,Equities
MEZ.AX,Meridian Energy Limited,equity,Australia,AUD,Utilities,asx_listed,Equities
MFD.AX,Mayfield Childcare Limited,equity,Australia,AUD,Consumer Discretionary,asx_listed,Equities
MFF.AX,Mff Capital Investments Limited,equity,Australia,AUD,,asx_listed,Equities
MFG.AX,Magellan Financial Group Limited,equity,Australia,AUD,Financials,asx_listed,Equities
MGA.AX,Metalsgrove Mining Ltd,equity,Australia,AUD,Materials,asx_listed,Equities
MGH.AX,Maas Group Holdings Limited,equity,Australia,AUD,Industrials,asx_listed,Equities
MGL.AX,Magontec Limited,equity,Australia,AUD,Materials,asx_listed,Equities
MGR.AX,Mirvac Group,equity,Australia,AUD,Real Estate,asx_listed,Equities
MGT.AX,Magnetite Mines Limited.,equity,Australia,AUD,Materials,asx_listed,Equities
MGU.AX,Magnum Mining And Exploration Limited,equity,Australia,AUD,Materials,asx_listed,Equities
MGX.AX,Mgx Resources Limited,equity,Australia,AUD,Materials,asx_listed,Equities
MHC.AX,Manhattan Gold Corporation Limited,equity,Australia,AUD,Energy,asx_listed,Equities
MHJ.AX,Michael Hill International Limited,equity,Australia,AUD,Consumer Discretionary,asx_listed,Equities
MHK.AX,Metal Hawk Limited.,equity,Australia,AUD,Materials,asx_listed,Equities
MHM.AX,Mount Hope Mining Limited,equity,Australia,AUD,Materials,asx_listed,Equities
MI6.AX,Minerals 260 Limited,equity,Australia,AUD,Materials,asx_listed,Equities
MIN.AX,Mineral Resources Limited,equity,Australia,AUD,Materials,asx_listed,Equities
MIO.AX,Macarthur Minerals Limited,equity,Australia,AUD,Materials,asx_listed,Equities
MIR.AX,Mirrabooka Investments Limited,equity,Australia,AUD,,asx_listed,Equities
MKR.AX,Manuka Resources Ltd.,equity,Australia,AUD,Materials,asx_listed,Equities
ML8.AX,Moonlight Resources Ltd,equity,Australia,AUD,Materials,asx_listed,Equities
MLG.AX,Mlg Oz Limited,equity,Australia,AUD,Materials,asx_listed,Equities
MLS.AX,Metals Australia Ltd,equity,Australia,AUD,Materials,asx_listed,Equities
MLX.AX,Metals X Limited,equity,Australia,AUD,Materials,asx_listed,Equities
MM1.AX,Midas Minerals Ltd,equity,Australia,AUD,Materials,asx_listed,Equities
MM8.AX,Medallion Metals Limited.,equity,Australia,AUD,Materials,asx_listed,Equities
MMA.AX,Maronan Metals Limited,equity,Australia,AUD,Materials,asx_listed,Equities
MME.AX,Moneyme Limited,equity,Australia,AUD,Financials,asx_listed,Equities
MMI.AX,Metro Mining Limited,equity,Australia,AUD,Materials,asx_listed,Equities
MML.AX,Mclaren Minerals Limited,equity,Australia,AUD,Materials,asx_listed,Equities
MMR.AX,Mec Resources Limited,equity,Australia,AUD,Energy,asx_listed,Equities
MMS.AX,Mcmillan Shakespeare Limited,equity,Australia,AUD,Industrials,asx_listed,Equities
MNB.AX,Minbos Resources Limited,equity,Australia,AUD,Materials,asx_listed,Equities
MNC.AX,Merino & Co. Limited,equity,Australia,AUD,Consumer Discretionary,asx_listed,Equities
MND.AX,Monadelphous Group Limited,equity,Australia,AUD,Industrials,asx_listed,Equities
MNE.AX,Macallum New Energy Limited,equity,Australia,AUD,Energy,asx_listed,Equities
MNV.AX,Monvia Limited,equity,Australia,AUD,Information Technology,asx_listed,Equities
MOH.AX,Moho Resources Limited,equity,Australia,AUD,Materials,asx_listed,Equities
MOM.AX,Moab Minerals Limited,equity,Australia,AUD,Materials,asx_listed,Equities
MOT.AX,Metrics Income Opportunities Trust,equity,Australia,AUD,,asx_listed,Equities
MOV.AX,Move Logistics Group Limited,equity,Australia,AUD,Industrials,asx_listed,Equities
MP1.AX,Megaport Limited,equity,Australia,AUD,Information Technology,asx_listed,Equities
MPK.AX,Many Peaks Minerals Ltd,equity,Australia,AUD,Materials,asx_listed,Equities
MPL.AX,Medibank Private Limited,equity,Australia,AUD,Financials,asx_listed,Equities
MPP.AX,Metro Performance Glass Limited,equity,Australia,AUD,Industrials,asx_listed,Equities
MPR.AX,Mpr Australia Limited,equity,Australia,AUD,Financials,asx_listed,Equities
MPW.AX,Metal Powder Works Limited,equity,Australia,AUD,Industrials,asx_listed,Equities
MPX.AX,Mustera Property Group Limited,equity,Australia,AUD,Real Estate,asx_listed,Equities
MQG.AX,Macquarie Group Limited,equity,Australia,AUD,Financials,asx_listed,Equities
MQR.AX,Marquee Resources Limited,equity,Australia,AUD,Materials,asx_listed,Equities
MRD.AX,Mount Ridley Mines Limited,equity,Australia,AUD,Materials,asx_listed,Equities
MRE.AX,Metrics Real Estate Multi-Strategy Fund,equity,Australia,AUD,,asx_listed,Equities
MRQ.AX,Mrg Metals Limited,equity,Australia,AUD,Materials,asx_listed,Equities
MRR.AX,Minrex Resources Limited,equity,Australia,AUD,Materials,asx_listed,Equities
MRT.AX,Maritana Minerals Limited,equity,Australia,AUD,Materials,asx_listed,Equities
MRZ.AX,Mont Royal Resources Limited,equity,Australia,AUD,Materials,asx_listed,Equities
MSB.AX,Mesoblast Limited,equity,Australia,AUD,Health Care,asx_listed,Equities
MSG.AX,Mcs Services Limited,equity,Australia,AUD,Industrials,asx_listed,Equities
MSI.AX,Multistack International Limited,equity,Australia,AUD,Industrials,asx_listed,Equities
MSV.AX,Mitchell Services Limited,equity,Australia,AUD,Materials,asx_listed,Equities
MTH.AX,Mithril Silver And Gold Limited,equity,Australia,AUD,Materials,asx_listed,Equities
MTL.AX,Mantle Minerals Limited,equity,Australia,AUD,Materials,asx_listed,Equities
MTM.AX,Metallium Limited,equity,Australia,AUD,Materials,asx_listed,Equities
MTO.AX,Motorcycle Holdings Limited,equity,Australia,AUD,Consumer Discretionary,asx_listed,Equities
MTS.AX,Metcash Limited,equity,Australia,AUD,Consumer Staples,asx_listed,Equities
MVF.AX,Monash Ivf Group Limited,equity,Australia,AUD,Health Care,asx_listed,Equities
MVL.AX,Marvel Gold Limited,equity,Australia,AUD,Materials,asx_listed,Equities
MVP.AX,Medical Developments International Limited,equity,Australia,AUD,Health Care,asx_listed,Equities
MX1.AX,Micro-X Limited,equity,Australia,AUD,Health Care,asx_listed,Equities
MXI.AX,Maxiparts Limited,equity,Australia,AUD,Industrials,asx_listed,Equities
MXO.AX,Motio Ltd,equity,Australia,AUD,Communication Services,asx_listed,Equities
MXT.AX,Metrics Master Income Trust,equity,Australia,AUD,,asx_listed,Equities
MYE.AX,Mastermyne Group Limited,equity,Australia,AUD,Materials,asx_listed,Equities
MYG.AX,Mayfield Group Holdings Limited,equity,Australia,AUD,Industrials,asx_listed,Equities
MYR.AX,Myer Holdings Limited,equity,Australia,AUD,Consumer Discretionary,asx_listed,Equities
MYS.AX,Mystate Limited,equity,Australia,AUD,Financials,asx_listed,Equities
MYX.AX,Mayne Pharma Group Limited,equity,Australia,AUD,Health Care,asx_listed,Equities
N1H.AX,N1 Holdings Limited,equity,Australia,AUD,Financials,asx_listed,Equities
NAB.AX,National Australia Bank Limited,equity,Australia,AUD,Financials,asx_listed,Equities
NAC.AX,Naos Ex-50 Opportunities Company Limited,equity,Australia,AUD,,asx_listed,Equities
NAE.AX,New Age Exploration Limited,equity,Australia,AUD,Energy,asx_listed,Equities
NAG.AX,Nagambie Resources Limited,equity,Australia,AUD,Materials,asx_listed,Equities
NAN.AX,Nanosonics Limited,equity,Australia,AUD,Health Care,asx_listed,Equities
NC1.AX,Nico Resources Limited,equity,Australia,AUD,Materials,asx_listed,Equities
NC6.AX,Nanollose Limited,equity,Australia,AUD,Health Care,asx_listed,Equities
NCC.AX,Naos Emerging Opportunities Company Limited,equity,Australia,AUD,,asx_listed,Equities
NCK.AX,Nick Scali Limited,equity,Australia,AUD,Consumer Discretionary,asx_listed,Equities
NDO.AX,Nido Education Limited,equity,Australia,AUD,Consumer Discretionary,asx_listed,Equities
NEC.AX,Nine Entertainment Co. Holdings Limited,equity,Australia,AUD,Communication Services,asx_listed,Equities
NEM.AX,Newmont Corporation,equity,Australia,AUD,Materials,asx_listed,Equities
NES.AX,Nelson Resources Limited.,equity,Australia,AUD,Materials,asx_listed,Equities
NEU.AX,Neuren Pharmaceuticals Limited,equity,Australia,AUD,Health Care,asx_listed,Equities
NFL.AX,Norfolk Metals Limited,equity,Australia,AUD,Materials,asx_listed,Equities
NFM.AX,New Frontier Minerals Limited,equity,Australia,AUD,Materials,asx_listed,Equities
NGE.AX,Nge Capital Limited,equity,Australia,AUD,,asx_listed,Equities
NGI.AX,Navigator Global Investments Limited,equity,Australia,AUD,Financials,asx_listed,Equities
NGS.AX,Nutritional Growth Solutions Ltd,equity,Australia,AUD,Consumer Staples,asx_listed,Equities
NGX.AX,Ngx Limited,equity,Australia,AUD,Materials,asx_listed,Equities
NGY.AX,Nuenergy Gas Limited,equity,Australia,AUD,Energy,asx_listed,Equities
NH3.AX,Nh3 Clean Energy Limited,equity,Australia,AUD,Materials,asx_listed,Equities
NHC.AX,New Hope Corporation Limited,equity,Australia,AUD,Energy,asx_listed,Equities
NHE.AX,Noble Helium Limited,equity,Australia,AUD,Energy,asx_listed,Equities
NHF.AX,Nib Holdings Limited,equity,Australia,AUD,Financials,asx_listed,Equities
NHU.AX,Neu Horizon Uranium Limited,equity,Australia,AUD,Energy,asx_listed,Equities
NIC.AX,Nickel Industries Limited,equity,Australia,AUD,Materials,asx_listed,Equities
NIM.AX,Nimy Resources Limited,equity,Australia,AUD,Materials,asx_listed,Equities
NME.AX,Nex Metals Exploration Limited,equity,Australia,AUD,Materials,asx_listed,Equities
NMG.AX,New Murchison Gold Limited,equity,Australia,AUD,Materials,asx_listed,Equities
NMR.AX,Native Mineral Resources Holdings Limited,equity,Australia,AUD,Materials,asx_listed,Equities
NMT.AX,Neometals Ltd,equity,Australia,AUD,Materials,asx_listed,Equities
NNL.AX,Nordic Resources Ltd,equity,Australia,AUD,Materials,asx_listed,Equities
NOL.AX,Nobleoak Life Limited,equity,Australia,AUD,Financials,asx_listed,Equities
NOR.AX,Norwood Systems Limited,equity,Australia,AUD,Information Technology,asx_listed,Equities
NOU.AX,Noumi Limited,equity,Australia,AUD,Consumer Staples,asx_listed,Equities
NOV.AX,Novatti Group Limited,equity,Australia,AUD,Information Technology,asx_listed,Equities
NOX.AX,Noxopharm Limited,equity,Australia,AUD,Health Care,asx_listed,Equities
NPM.AX,Newpeak Metals Limited,equity,Australia,AUD,Materials,asx_listed,Equities
NRX.AX,Noronex Limited,equity,Australia,AUD,Materials,asx_listed,Equities
NRZ.AX,Neurizer Ltd,equity,Australia,AUD,Materials,asx_listed,Equities
NS1.AX,Nodestream Ltd,equity,Australia,AUD,Information Technology,asx_listed,Equities
NSB.AX,Neuroscientific Biopharmaceuticals Ltd,equity,Australia,AUD,Health Care,asx_listed,Equities
NSC.AX,Naos Small Cap Opportunities Company Limited,equity,Australia,AUD,,asx_listed,Equities
NSM.AX,North Stawell Minerals Ltd,equity,Australia,AUD,Materials,asx_listed,Equities
NST.AX,Northern Star Resources Ltd,equity,Australia,AUD,Materials,asx_listed,Equities
NTD.AX,Ntaw Holdings Limited,equity,Australia,AUD,Consumer Discretionary,asx_listed,Equities
NTI.AX,Neurotech International Limited,equity,Australia,AUD,Health Care,asx_listed,Equities
NTM.AX,Nt Minerals Limited,equity,Australia,AUD,Materials,asx_listed,Equities
NTU.AX,Northern Minerals Limited,equity,Australia,AUD,Materials,asx_listed,Equities
NUC.AX,Nuchev Limited,equity,Australia,AUD,Consumer Staples,asx_listed,Equities
NUF.AX,Nufarm Limited,equity,Australia,AUD,Materials,asx_listed,Equities
NUZ.AX,Neurizon Therapeutics Limited,equity,Australia,AUD,Health Care,asx_listed,Equities
NVA.AX,Nova Minerals Corp,equity,Australia,AUD,Materials,asx_listed,Equities
NVO.AX,Novo Resources Corp.,equity,Australia,AUD,Materials,asx_listed,Equities
NVQ.AX,Noviqtech Limited,equity,Australia,AUD,Information Technology,asx_listed,Equities
NVU.AX,Nanoveu Limited,equity,Australia,AUD,Information Technology,asx_listed,Equities
NVX.AX,Novonix Limited,equity,Australia,AUD,Information Technology,asx_listed,Equities
NWH.AX,Nrw Holdings Limited,equity,Australia,AUD,Industrials,asx_listed,Equities
NWL.AX,Netwealth Group Limited,equity,Australia,AUD,Financials,asx_listed,Equities
NWM.AX,Norwest Minerals Limited,equity,Australia,AUD,Materials,asx_listed,Equities
NWS.AX,News Corporation..,equity,Australia,AUD,Communication Services,asx_listed,Equities
NWSLV.AX,News Corporation..,equity,Australia,AUD,Communication Services,asx_listed,Equities
NX1.AX,Nexalis Therapeutics Ltd,equity,Australia,AUD,Health Care,asx_listed,Equities
NXD.AX,Nexted Group Limited,equity,Australia,AUD,Consumer Discretionary,asx_listed,Equities
NXG.AX,Nexgen Energy (Canada) Ltd,equity,Australia,AUD,Energy,asx_listed,Equities
NXL.AX,Nuix Limited,equity,Australia,AUD,Information Technology,asx_listed,Equities
NXM.AX,Nexus Minerals Limited,equity,Australia,AUD,Materials,asx_listed,Equities
NXN.AX,Nexsen Limited,equity,Australia,AUD,Health Care,asx_listed,Equities
NXT.AX,Nextdc Limited,equity,Australia,AUD,Information Technology,asx_listed,Equities
NYM.AX,Narryer Metals Limited,equity,Australia,AUD,Materials,asx_listed,Equities
NYR.AX,Nyrada Inc.,equity,Australia,AUD,Health Care,asx_listed,Equities
NZK.AX,New Zealand King Salmon Investments Limited,equity,Australia,AUD,Consumer Staples,asx_listed,Equities
NZM.AX,Nzme Limited,equity,Australia,AUD,Communication Services,asx_listed,Equities
OAK.AX,Oakridge International Limited,equity,Australia,AUD,Information Technology,asx_listed,Equities
OB1.AX,Orbminco Limited,equity,Australia,AUD,Materials,asx_listed,Equities
OBL.AX,Omni Bridgeway Limited,equity,Australia,AUD,Financials,asx_listed,Equities
OBM.AX,Ora Banda Mining Ltd,equity,Australia,AUD,Materials,asx_listed,Equities
OBT.AX,Orbit Resources Limited,equity,Australia,AUD,Materials,asx_listed,Equities
OCA.AX,Oceania Healthcare Limited,equity,Australia,AUD,Health Care,asx_listed,Equities
OCC.AX,Orthocell Limited,equity,Australia,AUD,Health Care,asx_listed,Equities
OCL.AX,Objective Corporation Limited,equity,Australia,AUD,Information Technology,asx_listed,Equities
OCN.AX,Oceana Metals Limited,equity,Australia,AUD,Materials,asx_listed,Equities
OCT.AX,Octava Minerals Limited,equity,Australia,AUD,Materials,asx_listed,Equities
OD6.AX,Od6 Metals Limited,equity,Australia,AUD,Materials,asx_listed,Equities
ODA.AX,Orcoda Limited,equity,Australia,AUD,Information Technology,asx_listed,Equities
ODE.AX,Odessa Minerals Limited,equity,Australia,AUD,Materials,asx_listed,Equities
ODY.AX,Odyssey Gold Ltd,equity,Australia,AUD,Materials,asx_listed,Equities
OEC.AX,Orbital Corporation Limited,equity,Australia,AUD,Industrials,asx_listed,Equities
OEL.AX,Otto Energy Limited,equity,Australia,AUD,Energy,asx_listed,Equities
OEQ.AX,Orion Equities Limited,equity,Australia,AUD,Financials,asx_listed,Equities
OFX.AX,Ofx Group Limited,equity,Australia,AUD,Financials,asx_listed,Equities
OIL.AX,Optiscan Imaging Limited,equity,Australia,AUD,Health Care,asx_listed,Equities
OKJ.AX,Oakajee Corporation Limited,equity,Australia,AUD,Materials,asx_listed,Equities
OLI.AX,Oliver'S Real Food Limited,equity,Australia,AUD,Consumer Discretionary,asx_listed,Equities
OLL.AX,Openlearning Limited,equity,Australia,AUD,Information Technology,asx_listed,Equities
OLY.AX,Olympio Metals Limited,equity,Australia,AUD,Materials,asx_listed,Equities
OM1.AX,Omnia Metals Group Ltd,equity,Australia,AUD,Materials,asx_listed,Equities
OMA.AX,Omega Oil & Gas Limited,equity,Australia,AUD,Energy,asx_listed,Equities
OMG.AX,Omg Group Limited,equity,Australia,AUD,Consumer Staples,asx_listed,Equities
OMH.AX,Om Holdings Limited,equity,Australia,AUD,Materials,asx_listed,Equities
OML.AX,Ooh!Media Limited,equity,Australia,AUD,Communication Services,asx_listed,Equities
OMX.AX,Orange Minerals Nl,equity,Australia,AUD,Materials,asx_listed,Equities
ONE.AX,Oneview Healthcare Plc,equity,Australia,AUD,Health Care,asx_listed,Equities
OPH.AX,Ophir High Conviction Fund,equity,Australia,AUD,,asx_listed,Equities
OR3.AX,Ore Resources Limited,equity,Australia,AUD,Materials,asx_listed,Equities
ORA.AX,Orora Limited,equity,Australia,AUD,Materials,asx_listed,Equities
ORD.AX,Ordell Minerals Limited,equity,Australia,AUD,Materials,asx_listed,Equities
ORE.AX,Orezone Gold Corporation,equity,Australia,AUD,Materials,asx_listed,Equities
ORG.AX,Origin Energy Limited,equity,Australia,AUD,Utilities,asx_listed,Equities
ORI.AX,Orica Limited,equity,Australia,AUD,Materials,asx_listed,Equities
ORN.AX,Orion Minerals Ltd,equity,Australia,AUD,Materials,asx_listed,Equities
ORP.AX,Orpheus Uranium Limited,equity,Australia,AUD,Materials,asx_listed,Equities
OSL.AX,Oncosil Medical Ltd,equity,Australia,AUD,Health Care,asx_listed,Equities
OSM.AX,Osmond Resources Limited,equity,Australia,AUD,Materials,asx_listed,Equities
OSX.AX,Osteopore Limited,equity,Australia,AUD,Health Care,asx_listed,Equities
OVT.AX,Ovanti Limited,equity,Australia,AUD,Communication Services,asx_listed,Equities
OZM.AX,Ozaurum Resources Limited,equity,Australia,AUD,Materials,asx_listed,Equities
OZZ.AX,Ozz Resources Limited,equity,Australia,AUD,Materials,asx_listed,Equities
P1E.AX,Pure One Corporation Limited,equity,Australia,AUD,Energy,asx_listed,Equities
PAB.AX,Patrys Limited,equity,Australia,AUD,Health Care,asx_listed,Equities
PAC.AX,Pacific Current Group Limited,equity,Australia,AUD,Financials,asx_listed,Equities
PAF.AX,Pan African Resources Plc,equity,Australia,AUD,,asx_listed,Equities
PAR.AX,Paradigm Biopharmaceuticals Limited..,equity,Australia,AUD,Health Care,asx_listed,Equities
PAT.AX,Patriot Resources Limited,equity,Australia,AUD,Materials,asx_listed,Equities
PBH.AX,Pointsbet Holdings Limited,equity,Australia,AUD,Consumer Discretionary,asx_listed,Equities
PBL.AX,Parabellum Resources Limited,equity,Australia,AUD,Materials,asx_listed,Equities
PC2.AX,Pc Gold Ltd,equity,Australia,AUD,Materials,asx_listed,Equities
PCG.AX,Pengana Capital Group Limited,equity,Australia,AUD,Financials,asx_listed,Equities
PCI.AX,Perpetual Credit Income Trust,equity,Australia,AUD,,asx_listed,Equities
PCK.AX,Painchek Ltd,equity,Australia,AUD,Health Care,asx_listed,Equities
PCL.AX,Pancontinental Energy Nl,equity,Australia,AUD,Energy,asx_listed,Equities
PCX.AX,Pengana Global Private Credit Trust,equity,Australia,AUD,,asx_listed,Equities
PDI.AX,Pdi Gold Limited,equity,Australia,AUD,Materials,asx_listed,Equities
PDN.AX,Paladin Energy Ltd,equity,Australia,AUD,Energy,asx_listed,Equities
PE1.AX,Pengana Private Equity Trust,equity,Australia,AUD,,asx_listed,Equities
PEB.AX,Pacific Edge Limited,equity,Australia,AUD,Health Care,asx_listed,Equities
PEC.AX,Perpetual Resources Limited,equity,Australia,AUD,Materials,asx_listed,Equities
PEN.AX,Peninsula Energy Limited,equity,Australia,AUD,Energy,asx_listed,Equities
PER.AX,Percheron Therapeutics Limited,equity,Australia,AUD,Health Care,asx_listed,Equities
PET.AX,Phoslock Environmental Technologies Limited,equity,Australia,AUD,Industrials,asx_listed,Equities
PFE.AX,Pantera Minerals Limited,equity,Australia,AUD,Materials,asx_listed,Equities
PFG.AX,Prime Financial Group Limited,equity,Australia,AUD,Financials,asx_listed,Equities
PFM.AX,Platformo Ltd,equity,Australia,AUD,Information Technology,asx_listed,Equities
PFP.AX,Propel Funeral Partners Limited,equity,Australia,AUD,Consumer Discretionary,asx_listed,Equities
PFT.AX,Pure Foods Tasmania Limited,equity,Australia,AUD,Consumer Staples,asx_listed,Equities
PGC.AX,Paragon Care Limited,equity,Australia,AUD,Health Care,asx_listed,Equities
PGD.AX,Peregrine Gold Ltd,equity,Australia,AUD,Materials,asx_listed,Equities
PGF.AX,Pm Capital Global Opportunities Fund Limited,equity,Australia,AUD,,asx_listed,Equities
PGL.AX,Pilbara Gold Limited,equity,Australia,AUD,Materials,asx_listed,Equities
PGM.AX,Platina Resources Limited,equity,Australia,AUD,Materials,asx_listed,Equities
PGY.AX,Pilot Energy Limited,equity,Australia,AUD,Energy,asx_listed,Equities
PHO.AX,Phosco Ltd,equity,Australia,AUD,Materials,asx_listed,Equities
PHX.AX,Pharmx Technologies Limited,equity,Australia,AUD,Information Technology,asx_listed,Equities
PIA.AX,Pengana International Equities Limited,equity,Australia,AUD,,asx_listed,Equities
PIC.AX,Perpetual Equity Investment Company Limited,equity,Australia,AUD,,asx_listed,Equities
PIL.AX,Peppermint Innovation Limited,equity,Australia,AUD,Information Technology,asx_listed,Equities
PIM.AX,Pinnacle Minerals Limited,equity,Australia,AUD,Materials,asx_listed,Equities
PIQ.AX,Proteomics International Laboratories Ltd,equity,Australia,AUD,Health Care,asx_listed,Equities
PKD.AX,Parkd Ltd,equity,Australia,AUD,Industrials,asx_listed,Equities
PKO.AX,Peako Limited,equity,Australia,AUD,Materials,asx_listed,Equities
PKP.AX,Peak Processing Limited,equity,Australia,AUD,Health Care,asx_listed,Equities
PKY.AX,Pathkey.Ai Ltd,equity,Australia,AUD,Information Technology,asx_listed,Equities
PL3.AX,Patagonia Lithium Ltd,equity,Australia,AUD,Materials,asx_listed,Equities
PL8.AX,Plato Income Maximiser Limited.,equity,Australia,AUD,,asx_listed,Equities
PL9.AX,Prairie Lithium Limited,equity,Australia,AUD,Materials,asx_listed,Equities
PLA.AX,Pacific Lime And Cement Limited,equity,Australia,AUD,Materials,asx_listed,Equities
PLC.AX,Plc Resources Limited,equity,Australia,AUD,Materials,asx_listed,Equities
PLG.AX,Pearl Gull Iron Limited,equity,Australia,AUD,Materials,asx_listed,Equities
PLS.AX,Pls Group Limited,equity,Australia,AUD,Materials,asx_listed,Equities
PLT.AX,Plenti Group Limited,equity,Australia,AUD,Financials,asx_listed,Equities
PLY.AX,Playside Studios Limited,equity,Australia,AUD,Communication Services,asx_listed,Equities
PM1.AX,Palisade Metals Ltd,equity,Australia,AUD,Materials,asx_listed,Equities
PME.AX,Pro Medicus Limited,equity,Australia,AUD,Health Care,asx_listed,Equities
PMM.AX,Pioneer Minerals Limited,equity,Australia,AUD,Materials,asx_listed,Equities
PMT.AX,Pmet Resources Inc.,equity,Australia,AUD,Materials,asx_listed,Equities
PMV.AX,Premier Investments Limited,equity,Australia,AUD,Consumer Discretionary,asx_listed,Equities
PNC.AX,Pioneer Credit Limited,equity,Australia,AUD,Financials,asx_listed,Equities
PNI.AX,Pinnacle Investment Management Group Limited,equity,Australia,AUD,Financials,asx_listed,Equities
PNN.AX,Power Minerals Limited,equity,Australia,AUD,Materials,asx_listed,Equities
PNR.AX,Pantoro Gold Limited,equity,Australia,AUD,Materials,asx_listed,Equities
PNT.AX,Panther Metals Ltd,equity,Australia,AUD,Materials,asx_listed,Equities
PNV.AX,Polynovo Limited,equity,Australia,AUD,Health Care,asx_listed,Equities
POD.AX,Podium Minerals Limited,equity,Australia,AUD,Materials,asx_listed,Equities
POL.AX,Polymetals Resources Ltd,equity,Australia,AUD,Materials,asx_listed,Equities
POW.AX,Powerhaus Uranium Limited,equity,Australia,AUD,Energy,asx_listed,Equities
PPC.AX,Peet Limited,equity,Australia,AUD,Real Estate,asx_listed,Equities
PPE.AX,Peoplein Limited,equity,Australia,AUD,Industrials,asx_listed,Equities
PPK.AX,Ppk Group Limited,equity,Australia,AUD,Materials,asx_listed,Equities
PPL.AX,Pureprofile Ltd,equity,Australia,AUD,Communication Services,asx_listed,Equities
PPM.AX,Pepper Money Limited,equity,Australia,AUD,Financials,asx_listed,Equities
PPS.AX,Praemium Limited,equity,Australia,AUD,Information Technology,asx_listed,Equities
PPT.AX,Perpetual Limited,equity,Australia,AUD,Financials,asx_listed,Equities
PPY.AX,Papyrus Australia Limited,equity,Australia,AUD,Materials,asx_listed,Equities
PR1.AX,Pure Resources Limited,equity,Australia,AUD,Materials,asx_listed,Equities
PR2.AX,Piche Resources Limited,equity,Australia,AUD,,asx_listed,Equities
PRG.AX,Prl Global Ltd,equity,Australia,AUD,Materials,asx_listed,Equities
PRM.AX,Prominence Energy Limited,equity,Australia,AUD,Energy,asx_listed,Equities
PRN.AX,Perenti Limited,equity,Australia,AUD,Materials,asx_listed,Equities
PRO.AX,Prophecy International Holdings Limited,equity,Australia,AUD,Information Technology,asx_listed,Equities
PRU.AX,Perseus Mining Limited,equity,Australia,AUD,Materials,asx_listed,Equities
PRX.AX,Prodigy Gold Nl,equity,Australia,AUD,Materials,asx_listed,Equities
PSC.AX,Prospect Resources Limited,equity,Australia,AUD,Materials,asx_listed,Equities
PSL.AX,Paterson Resources Ltd,equity,Australia,AUD,Materials,asx_listed,Equities
PTL.AX,Prestal Holdings Limited,equity,Australia,AUD,Consumer Staples,asx_listed,Equities
PTN.AX,Patronus Resources Limited,equity,Australia,AUD,Materials,asx_listed,Equities
PTR.AX,Ptr Minerals Ltd,equity,Australia,AUD,Materials,asx_listed,Equities
PTX.AX,Prescient Therapeutics Limited,equity,Australia,AUD,Health Care,asx_listed,Equities
PUR.AX,Pursuit Minerals Ltd,equity,Australia,AUD,Materials,asx_listed,Equities
PV1.AX,Provaris Energy Ltd,equity,Australia,AUD,Energy,asx_listed,Equities
PVE.AX,Po Valley Energy Limited,equity,Australia,AUD,Energy,asx_listed,Equities
PVL.AX,Powerhouse Ventures Limited,equity,Australia,AUD,Financials,asx_listed,Equities
PVT.AX,Pivotal Metals Limited,equity,Australia,AUD,Materials,asx_listed,Equities
PWH.AX,Pwr Holdings Limited,equity,Australia,AUD,Consumer Discretionary,asx_listed,Equities
PWN.AX,Parkway Corporate Limited,equity,Australia,AUD,Materials,asx_listed,Equities
PWR.AX,Peter Warren Automotive Holdings Limited,equity,Australia,AUD,Consumer Discretionary,asx_listed,Equities
PXA.AX,Pexa Group Limited,equity,Australia,AUD,Real Estate,asx_listed,Equities
PXR.AX,Pacific Resources Limited,equity,Australia,AUD,Energy,asx_listed,Equities
PXX.AX,Polarx Limited,equity,Australia,AUD,Materials,asx_listed,Equities
PYC.AX,Pyc Therapeutics Limited,equity,Australia,AUD,Health Care,asx_listed,Equities
QAL.AX,Qualitas Limited,equity,Australia,AUD,Real Estate,asx_listed,Equities
QAN.AX,Qantas Airways Limited,equity,Australia,AUD,Industrials,asx_listed,Equities
QBE.AX,Qbe Insurance Group Limited,equity,Australia,AUD,Financials,asx_listed,Equities
QEM.AX,Qem Limited,equity,Australia,AUD,Materials,asx_listed,Equities
QFE.AX,Quickfee Limited,equity,Australia,AUD,Financials,asx_listed,Equities
QGL.AX,Quantum Graphite Limited,equity,Australia,AUD,Materials,asx_listed,Equities
QML.AX,Qmines Limited,equity,Australia,AUD,Materials,asx_listed,Equities
QRI.AX,Qualitas Real Estate Income Fund,equity,Australia,AUD,Financials,asx_listed,Equities
QUE.AX,Queste Communications Limited,equity,Australia,AUD,Financials,asx_listed,Equities
QXR.AX,Qx Resources Limited,equity,Australia,AUD,Materials,asx_listed,Equities
R8R.AX,Regener8 Resources Nl,equity,Australia,AUD,Materials,asx_listed,Equities
RAC.AX,Racura Oncology Ltd,equity,Australia,AUD,Health Care,asx_listed,Equities
RAD.AX,Radiopharm Theranostics Limited,equity,Australia,AUD,Health Care,asx_listed,Equities
RAG.AX,Ragnar Metals Limited,equity,Australia,AUD,Materials,asx_listed,Equities
RAN.AX,Range International Limited,equity,Australia,AUD,Materials,asx_listed,Equities
RAP.AX,Raptor Metals Ltd,equity,Australia,AUD,Materials,asx_listed,Equities
RAS.AX,Ragusa Minerals Ltd,equity,Australia,AUD,Materials,asx_listed,Equities
RAU.AX,Resouro Strategic Metals Inc.,equity,Australia,AUD,Materials,asx_listed,Equities
RB6.AX,Rubix Resources Limited,equity,Australia,AUD,Materials,asx_listed,Equities
RBR.AX,Rbr Group Limited,equity,Australia,AUD,Materials,asx_listed,Equities
RBX.AX,Resource Base Limited.,equity,Australia,AUD,Materials,asx_listed,Equities
RC1.AX,Redcastle Resources Limited,equity,Australia,AUD,Materials,asx_listed,Equities
RCE.AX,Recce Pharmaceuticals Ltd,equity,Australia,AUD,Health Care,asx_listed,Equities
RCL.AX,Readcloud Limited,equity,Australia,AUD,Information Technology,asx_listed,Equities
RCM.AX,Rapid Critical Metals Limited,equity,Australia,AUD,Materials,asx_listed,Equities
RCR.AX,Rincon Resources Limited,equity,Australia,AUD,Materials,asx_listed,Equities
RCT.AX,Reef Casino Trust,equity,Australia,AUD,Consumer Discretionary,asx_listed,Equities
RDM.AX,Red Metal Limited,equity,Australia,AUD,Materials,asx_listed,Equities
RDN.AX,Raiden Resources Limited,equity,Australia,AUD,Materials,asx_listed,Equities
RDS.AX,Redstone Resources Limited,equity,Australia,AUD,Materials,asx_listed,Equities
RDX.AX,Redox Limited,equity,Australia,AUD,Industrials,asx_listed,Equities
RDY.AX,Readytech Holdings Limited,equity,Australia,AUD,Information Technology,asx_listed,Equities
REA.AX,Rea Group Ltd,equity,Australia,AUD,Communication Services,asx_listed,Equities
REC.AX,Recharge Metals Limited,equity,Australia,AUD,Materials,asx_listed,Equities
REE.AX,Rarex Limited,equity,Australia,AUD,Materials,asx_listed,Equities
REG.AX,Regis Healthcare Limited,equity,Australia,AUD,Health Care,asx_listed,Equities
REH.AX,Reece Limited,equity,Australia,AUD,Industrials,asx_listed,Equities
REM.AX,Remsense Technologies Limited,equity,Australia,AUD,Industrials,asx_listed,Equities
REP.AX,Ram Essential Services Property Fund,equity,Australia,AUD,Real Estate,asx_listed,Equities
REV.AX,Revolution Private Credit Income Trust,equity,Australia,AUD,,asx_listed,Equities
REZ.AX,Resources & Energy Group Limited,equity,Australia,AUD,Materials,asx_listed,Equities
RF1.AX,Regal Investment Fund,equity,Australia,AUD,,asx_listed,Equities
RFF.AX,Rural Funds Group,equity,Australia,AUD,Real Estate,asx_listed,Equities
RFG.AX,Retail Food Group Limited,equity,Australia,AUD,Consumer Discretionary,asx_listed,Equities
RFT.AX,Rectifier Technologies Ltd,equity,Australia,AUD,Industrials,asx_listed,Equities
RG1.AX,Regal Partners Global Investments Limited,equity,Australia,AUD,,asx_listed,Equities
RG8.AX,Regal Asian Investments Limited,equity,Australia,AUD,,asx_listed,Equities
RGL.AX,Riversgold Limited,equity,Australia,AUD,Materials,asx_listed,Equities
RGN.AX,Region Group,equity,Australia,AUD,Real Estate,asx_listed,Equities
RGT.AX,Argent Biopharma Limited,equity,Australia,AUD,Health Care,asx_listed,Equities
RHC.AX,Ramsay Health Care Limited,equity,Australia,AUD,Health Care,asx_listed,Equities
RHI.AX,Red Hill Minerals Limited,equity,Australia,AUD,Materials,asx_listed,Equities
RHT.AX,Resonance Health Limited,equity,Australia,AUD,Health Care,asx_listed,Equities
RHY.AX,Rhythm Biosciences Limited,equity,Australia,AUD,Health Care,asx_listed,Equities
RIC.AX,Ridley Corporation Limited,equity,Australia,AUD,Consumer Staples,asx_listed,Equities
RIE.AX,Riedel Resources Limited,equity,Australia,AUD,Materials,asx_listed,Equities
RIM.AX,Rimfire Pacific Mining Limited,equity,Australia,AUD,Materials,asx_listed,Equities
RIO.AX,Rio Tinto Limited,equity,Australia,AUD,Materials,asx_listed,Equities
RIV.AX,Rivco Australia Ltd,equity,Australia,AUD,Utilities,asx_listed,Equities
RKB.AX,Rokeby Resources Limited,equity,Australia,AUD,Materials,asx_listed,Equities
RKN.AX,Reckon Limited,equity,Australia,AUD,Information Technology,asx_listed,Equities
RKT.AX,Rocketdna Ltd.,equity,Australia,AUD,Information Technology,asx_listed,Equities
RLC.AX,Reedy Lagoon Corporation Limited,equity,Australia,AUD,Materials,asx_listed,Equities
RLF.AX,Rlf Agtech Ltd,equity,Australia,AUD,Materials,asx_listed,Equities
RLG.AX,Roolife Group Ltd,equity,Australia,AUD,Communication Services,asx_listed,Equities
RMC.AX,Resimac Group Ltd,equity,Australia,AUD,Financials,asx_listed,Equities
RMD.AX,Resmed Inc,equity,Australia,AUD,Health Care,asx_listed,Equities
RMI.AX,Resource Minerals International Ltd,equity,Australia,AUD,Materials,asx_listed,Equities
RML.AX,Resolution Minerals Ltd,equity,Australia,AUD,Materials,asx_listed,Equities
RMS.AX,Ramelius Resources Limited,equity,Australia,AUD,Materials,asx_listed,Equities
RMX.AX,Red Mountain Mining Limited,equity,Australia,AUD,Materials,asx_listed,Equities
RMY.AX,Rma Global Limited,equity,Australia,AUD,Communication Services,asx_listed,Equities
RND.AX,Rand Mining Limited,equity,Australia,AUD,Materials,asx_listed,Equities
RNT.AX,Rent.Com.Au Limited,equity,Australia,AUD,Communication Services,asx_listed,Equities
RNU.AX,Renascor Resources Limited,equity,Australia,AUD,Materials,asx_listed,Equities
RNV.AX,Renerve Limited,equity,Australia,AUD,Health Care,asx_listed,Equities
RNX.AX,Renegade Exploration Limited,equity,Australia,AUD,Materials,asx_listed,Equities
ROC.AX,Rocketboots Limited,equity,Australia,AUD,Information Technology,asx_listed,Equities
ROG.AX,Red Sky Energy Limited.,equity,Australia,AUD,Energy,asx_listed,Equities
RON.AX,Ronin Resources Ltd,equity,Australia,AUD,Materials,asx_listed,Equities
RPL.AX,Regal Partners Limited,equity,Australia,AUD,Financials,asx_listed,Equities
RPM.AX,Rpm Automotive Group Limited,equity,Australia,AUD,Consumer Discretionary,asx_listed,Equities
RR1.AX,Reach Resources Limited,equity,Australia,AUD,Materials,asx_listed,Equities
RRE.AX,Right Resources Limited,equity,Australia,AUD,Materials,asx_listed,Equities
RRL.AX,Regis Resources Limited,equity,Australia,AUD,Materials,asx_listed,Equities
RRR.AX,Revolver Resources Holdings Ltd,equity,Australia,AUD,Materials,asx_listed,Equities
RSG.AX,Resolute Mining Limited,equity,Australia,AUD,Materials,asx_listed,Equities
RTG.AX,Rtg Mining Inc.,equity,Australia,AUD,Materials,asx_listed,Equities
RTH.AX,Ras Technology Holdings Limited,equity,Australia,AUD,Industrials,asx_listed,Equities
RTR.AX,Rumble Resources Limited,equity,Australia,AUD,Materials,asx_listed,Equities
RVT.AX,Richmond Vanadium Technology Limited,equity,Australia,AUD,Materials,asx_listed,Equities
RWC.AX,Reliance Worldwide Corporation Limited,equity,Australia,AUD,Industrials,asx_listed,Equities
RWD.AX,Reward Minerals Ltd,equity,Australia,AUD,Materials,asx_listed,Equities
RWL.AX,Rubicon Water Limited,equity,Australia,AUD,Information Technology,asx_listed,Equities
RXL.AX,Rox Resources Limited,equity,Australia,AUD,Materials,asx_listed,Equities
RYD.AX,Ryder Capital Limited,equity,Australia,AUD,,asx_listed,Equities
RYM.AX,Ryman Healthcare Limited,equity,Australia,AUD,Health Care,asx_listed,Equities
RZI.AX,Raiz Invest Limited,equity,Australia,AUD,Financials,asx_listed,Equities
S2R.AX,S2 Resources Ltd,equity,Australia,AUD,Materials,asx_listed,Equities
S32.AX,South32 Limited,equity,Australia,AUD,Materials,asx_listed,Equities
S66.AX,Star Combo Pharma Limited,equity,Australia,AUD,Consumer Staples,asx_listed,Equities
SAN.AX,Sagalio Energy Limited,equity,Australia,AUD,Energy,asx_listed,Equities
SAU.AX,Sigma Lithium Corporation,equity,Australia,AUD,Materials,asx_listed,Equities
SB2.AX,Salter Brothers Emerging Companies Limited,equity,Australia,AUD,,asx_listed,Equities
SBM.AX,St Barbara Limited,equity,Australia,AUD,Materials,asx_listed,Equities
SBR.AX,Sabre Resources Limited,equity,Australia,AUD,Materials,asx_listed,Equities
SBZ.AX,Schoolblazer Limited,equity,Australia,AUD,Industrials,asx_listed,Equities
SCG.AX,Scentre Group,equity,Australia,AUD,Real Estate,asx_listed,Equities
SCN.AX,Scorpion Minerals Limited,equity,Australia,AUD,Materials,asx_listed,Equities
SCP.AX,Scalare Partners Holdings Limited,equity,Australia,AUD,Financials,asx_listed,Equities
SCX.AX,Scx.Ai Holdings Limited,equity,Australia,AUD,Information Technology,asx_listed,Equities
SDF.AX,Steadfast Group Limited,equity,Australia,AUD,Financials,asx_listed,Equities
SDR.AX,Siteminder Limited,equity,Australia,AUD,Information Technology,asx_listed,Equities
SDV.AX,Scidev Ltd,equity,Australia,AUD,Materials,asx_listed,Equities
SEA.AX,Sea Forest Limited,equity,Australia,AUD,Consumer Staples,asx_listed,Equities
SEC.AX,Spheria Emerging Companies Limited,equity,Australia,AUD,,asx_listed,Equities
SEG.AX,Sports Entertainment Group Limited,equity,Australia,AUD,Communication Services,asx_listed,Equities
SEK.AX,Seek Limited,equity,Australia,AUD,Communication Services,asx_listed,Equities
SEN.AX,Senetas Corporation Limited,equity,Australia,AUD,Information Technology,asx_listed,Equities
SEQ.AX,Sequoia Financial Group Ltd,equity,Australia,AUD,Financials,asx_listed,Equities
SER.AX,Strategic Energy Resources Limited,equity,Australia,AUD,Materials,asx_listed,Equities
SET.AX,Solaris Australian Equity Income Plus Limited,equity,Australia,AUD,,asx_listed,Equities
SFC.AX,Schaffer Corporation Limited,equity,Australia,AUD,Consumer Discretionary,asx_listed,Equities
SFG.AX,Seafarms Group Limited,equity,Australia,AUD,Consumer Staples,asx_listed,Equities
SFM.AX,Santa Fe Minerals Ltd,equity,Australia,AUD,Materials,asx_listed,Equities
SFR.AX,Sandfire Resources Limited,equity,Australia,AUD,Materials,asx_listed,Equities
SFX.AX,Sheffield Resources Limited,equity,Australia,AUD,Materials,asx_listed,Equities
SGA.AX,Sarytogan Graphite Limited,equity,Australia,AUD,Materials,asx_listed,Equities
SGC.AX,Sinclair Gold Ltd,equity,Australia,AUD,Materials,asx_listed,Equities
SGH.AX,Sgh Limited,equity,Australia,AUD,Industrials,asx_listed,Equities
SGI.AX,Stealth Group Holdings Ltd,equity,Australia,AUD,Industrials,asx_listed,Equities
SGLLV.AX,Ricegrowers Limited,equity,Australia,AUD,Consumer Staples,asx_listed,Equities
SGM.AX,Sims Limited,equity,Australia,AUD,Materials,asx_listed,Equities
SGP.AX,Stockland,equity,Australia,AUD,Real Estate,asx_listed,Equities
SGQ.AX,St George Mining Limited,equity,Australia,AUD,Materials,asx_listed,Equities
SGR.AX,The Star Entertainment Group Limited,equity,Australia,AUD,Consumer Discretionary,asx_listed,Equities
SHA.AX,Shape Australia Corporation Limited,equity,Australia,AUD,Industrials,asx_listed,Equities
SHE.AX,Stonehorse Energy Limited,equity,Australia,AUD,Energy,asx_listed,Equities
SHG.AX,Singular Health Group Ltd,equity,Australia,AUD,Health Care,asx_listed,Equities
SHJ.AX,Shine Justice Ltd,equity,Australia,AUD,Consumer Discretionary,asx_listed,Equities
SHL.AX,Sonic Healthcare Limited,equity,Australia,AUD,Health Care,asx_listed,Equities
SHM.AX,Shriro Holdings Limited,equity,Australia,AUD,Consumer Discretionary,asx_listed,Equities
SHN.AX,Sunshine Metals Limited,equity,Australia,AUD,Materials,asx_listed,Equities
SHO.AX,Sportshero Limited,equity,Australia,AUD,Communication Services,asx_listed,Equities
SHV.AX,Select Harvests Limited,equity,Australia,AUD,Consumer Staples,asx_listed,Equities
SIG.AX,Sigma Healthcare Limited,equity,Australia,AUD,Health Care,asx_listed,Equities
SIO.AX,Simonds Group Limited,equity,Australia,AUD,Consumer Discretionary,asx_listed,Equities
SIQ.AX,Smartgroup Corporation Ltd,equity,Australia,AUD,Industrials,asx_listed,Equities
SIS.AX,Simble Solutions Limited,equity,Australia,AUD,Information Technology,asx_listed,Equities
SIV.AX,Siv Capital Limited,equity,Australia,AUD,Industrials,asx_listed,Equities
SIX.AX,Sprintex Limited,equity,Australia,AUD,Consumer Discretionary,asx_listed,Equities
SK1.AX,Skinkandy Limited,equity,Australia,AUD,Consumer Discretionary,asx_listed,Equities
SKC.AX,Skycity Entertainment Group Limited,equity,Australia,AUD,Consumer Discretionary,asx_listed,Equities
SKG.AX,Storage King Group,equity,Australia,AUD,Real Estate,asx_listed,Equities
SKK.AX,Stakk Limited,equity,Australia,AUD,Communication Services,asx_listed,Equities
SKM.AX,Skylark Minerals Limited,equity,Australia,AUD,Materials,asx_listed,Equities
SKN.AX,Skin Elements Limited,equity,Australia,AUD,Consumer Staples,asx_listed,Equities
SKO.AX,Serko Limited,equity,Australia,AUD,Information Technology,asx_listed,Equities
SKS.AX,Sks Technologies Group Limited,equity,Australia,AUD,Industrials,asx_listed,Equities
SKT.AX,Sky Network Television Limited.,equity,Australia,AUD,Communication Services,asx_listed,Equities
SKY.AX,Sky Metals Limited,equity,Australia,AUD,Materials,asx_listed,Equities
SLA.AX,Solara Minerals Ltd,equity,Australia,AUD,Materials,asx_listed,Equities
SLB.AX,Stelar Metals Limited,equity,Australia,AUD,Materials,asx_listed,Equities
SLC.AX,Superloop Limited,equity,Australia,AUD,Communication Services,asx_listed,Equities
SLD.AX,"Saluda Medical, Inc.",equity,Australia,AUD,Health Care,asx_listed,Equities
SLM.AX,Solis Minerals Limited,equity,Australia,AUD,Materials,asx_listed,Equities
SLS.AX,Solstice Minerals Limited,equity,Australia,AUD,Materials,asx_listed,Equities
SLX.AX,Silex Systems Limited,equity,Australia,AUD,Industrials,asx_listed,Equities
SLZ.AX,Sultan Resources Ltd,equity,Australia,AUD,Materials,asx_listed,Equities
SM1.AX,Synlait Milk Limited,equity,Australia,AUD,Consumer Staples,asx_listed,Equities
SMI.AX,Santana Minerals Limited,equity,Australia,AUD,Materials,asx_listed,Equities
SMM.AX,Somerset Minerals Limited,equity,Australia,AUD,Materials,asx_listed,Equities
SMN.AX,Structural Monitoring Systems Plc,equity,Australia,AUD,Information Technology,asx_listed,Equities
SMR.AX,Stanmore Resources Limited,equity,Australia,AUD,Materials,asx_listed,Equities
SMS.AX,Star Minerals Limited,equity,Australia,AUD,Materials,asx_listed,Equities
SMX.AX,Strata Minerals Limited.,equity,Australia,AUD,Materials,asx_listed,Equities
SNC.AX,Sandon Capital Investments Limited,equity,Australia,AUD,,asx_listed,Equities
SND.AX,Saunders International Limited,equity,Australia,AUD,Industrials,asx_listed,Equities
SNG.AX,Siren Gold Limited,equity,Australia,AUD,Materials,asx_listed,Equities
SNL.AX,Supply Network Limited,equity,Australia,AUD,Consumer Discretionary,asx_listed,Equities
SNM.AX,Sentinel Metals Limited,equity,Australia,AUD,Materials,asx_listed,Equities
SNS.AX,Sensen Networks Limited,equity,Australia,AUD,Information Technology,asx_listed,Equities
SNT.AX,Syntara Limited,equity,Australia,AUD,Health Care,asx_listed,Equities
SNX.AX,Sierra Nevada Gold Inc.,equity,Australia,AUD,Materials,asx_listed,Equities
SNZ.AX,Summerset Group Holdings Limited,equity,Australia,AUD,Health Care,asx_listed,Equities
SOC.AX,Soco Corporation Ltd,equity,Australia,AUD,Information Technology,asx_listed,Equities
SOL.AX,Washington H. Soul Pattinson And Company Limited,equity,Australia,AUD,Financials,asx_listed,Equities
SOM.AX,Somnomed Limited,equity,Australia,AUD,Health Care,asx_listed,Equities
SOP.AX,Synertec Corporation Limited,equity,Australia,AUD,Industrials,asx_listed,Equities
SOR.AX,Strategic Elements Limited,equity,Australia,AUD,Financials,asx_listed,Equities
SP3.AX,Spectur Limited,equity,Australia,AUD,Information Technology,asx_listed,Equities
SP8.AX,Streamplay Studio Limited,equity,Australia,AUD,Communication Services,asx_listed,Equities
SPA.AX,Spacetalk Ltd,equity,Australia,AUD,Information Technology,asx_listed,Equities
SPD.AX,Southern Palladium Limited,equity,Australia,AUD,Materials,asx_listed,Equities
SPG.AX,Spc Global Holdings Ltd,equity,Australia,AUD,Consumer Staples,asx_listed,Equities
SPK.AX,Spark New Zealand Limited,equity,Australia,AUD,Communication Services,asx_listed,Equities
SPL.AX,Starpharma Holdings Limited,equity,Australia,AUD,Health Care,asx_listed,Equities
SPN.AX,Sparc Technologies Limited,equity,Australia,AUD,Materials,asx_listed,Equities
SPQ.AX,Superior Resources Limited,equity,Australia,AUD,Materials,asx_listed,Equities
SPX.AX,Spenda Limited,equity,Australia,AUD,Information Technology,asx_listed,Equities
SPZ.AX,Smart Parking Limited,equity,Australia,AUD,Industrials,asx_listed,Equities
SQX.AX,Sqx Resources Limited,equity,Australia,AUD,Materials,asx_listed,Equities
SQXN.AX,Sqx Resources Limited,equity,Australia,AUD,Materials,asx_listed,Equities
SRG.AX,Srg Global Limited,equity,Australia,AUD,Industrials,asx_listed,Equities
SRH.AX,Saferoads Holdings Limited,equity,Australia,AUD,Industrials,asx_listed,Equities
SRJ.AX,Srj Technologies Group Plc,equity,Australia,AUD,Energy,asx_listed,Equities
SRK.AX,Strike Resources Limited,equity,Australia,AUD,Materials,asx_listed,Equities
SRL.AX,Sunrise Energy Metals Limited,equity,Australia,AUD,Materials,asx_listed,Equities
SRN.AX,Surefire Resources Nl,equity,Australia,AUD,Materials,asx_listed,Equities
SRR.AX,Sarama Resources Ltd,equity,Australia,AUD,Materials,asx_listed,Equities
SRV.AX,Servcorp Limited,equity,Australia,AUD,Real Estate,asx_listed,Equities
SRZ.AX,Stellar Resources Limited,equity,Australia,AUD,Materials,asx_listed,Equities
SS1.AX,Sun Silver Limited,equity,Australia,AUD,Materials,asx_listed,Equities
SSG.AX,Shaver Shop Group Limited,equity,Australia,AUD,Consumer Discretionary,asx_listed,Equities
SSH.AX,Ssh Group Ltd,equity,Australia,AUD,Energy,asx_listed,Equities
SSL.AX,Sietel Limited,equity,Australia,AUD,Real Estate,asx_listed,Equities
SSM.AX,Service Stream Limited,equity,Australia,AUD,Industrials,asx_listed,Equities
SST.AX,Steamships Trading Company Limited,equity,Australia,AUD,Industrials,asx_listed,Equities
STG.AX,Straker Limited,equity,Australia,AUD,Communication Services,asx_listed,Equities
STH.AX,Stepchange Holdings Limited,equity,Australia,AUD,Information Technology,asx_listed,Equities
STK.AX,Strickland Metals Limited,equity,Australia,AUD,Materials,asx_listed,Equities
STM.AX,Sunstone Metals Ltd,equity,Australia,AUD,Materials,asx_listed,Equities
STN.AX,Saturn Metals Limited,equity,Australia,AUD,Materials,asx_listed,Equities
STO.AX,Santos Limited,equity,Australia,AUD,Energy,asx_listed,Equities
STP.AX,Step One Clothing Limited,equity,Australia,AUD,Consumer Discretionary,asx_listed,Equities
STV.AX,Swift Tv Ltd,equity,Australia,AUD,Communication Services,asx_listed,Equities
STX.AX,Strike Energy Limited,equity,Australia,AUD,Energy,asx_listed,Equities
SUH.AX,Southern Hemisphere Mining Limited,equity,Australia,AUD,Materials,asx_listed,Equities
SUL.AX,Super Retail Group Limited,equity,Australia,AUD,Consumer Discretionary,asx_listed,Equities
SUN.AX,Suncorp Group Limited,equity,Australia,AUD,Financials,asx_listed,Equities
SVG.AX,Savannah Goldfields Limited,equity,Australia,AUD,Materials,asx_listed,Equities
SVL.AX,Silver Mines Limited,equity,Australia,AUD,Materials,asx_listed,Equities
SVM.AX,Sovereign Metals Limited,equity,Australia,AUD,Materials,asx_listed,Equities
SVR.AX,Solvar Limited,equity,Australia,AUD,Financials,asx_listed,Equities
SVY.AX,Stavely Minerals Limited,equity,Australia,AUD,Materials,asx_listed,Equities
SWP.AX,Swoop Holdings Limited,equity,Australia,AUD,Communication Services,asx_listed,Equities
SX2.AX,Southern Cross Gold Consolidated Ltd.,equity,Australia,AUD,Materials,asx_listed,Equities
SXE.AX,Southern Cross Electrical Engineering Ltd,equity,Australia,AUD,Industrials,asx_listed,Equities
SXL.AX,Southern Cross Media Group Limited,equity,Australia,AUD,Communication Services,asx_listed,Equities
SYL.AX,Symal Group Limited,equity,Australia,AUD,Industrials,asx_listed,Equities
SYR.AX,Syrah Resources Limited,equity,Australia,AUD,Materials,asx_listed,Equities
T3D.AX,333D Limited,equity,Australia,AUD,Industrials,asx_listed,Equities
T88.AX,Taiton Resources Limited,equity,Australia,AUD,Materials,asx_listed,Equities
T92.AX,Terra Critical Minerals Limited,equity,Australia,AUD,Energy,asx_listed,Equities
TAH.AX,Tabcorp Holdings Limited,equity,Australia,AUD,Consumer Discretionary,asx_listed,Equities
TAL.AX,Talius Group Limited,equity,Australia,AUD,Information Technology,asx_listed,Equities
TAM.AX,Tanami Gold Nl,equity,Australia,AUD,Materials,asx_listed,Equities
TAR.AX,Taruga Minerals Limited,equity,Australia,AUD,Materials,asx_listed,Equities
TAS.AX,Tasman Resources Ltd,equity,Australia,AUD,Materials,asx_listed,Equities
TAT.AX,Tartana Minerals Limited,equity,Australia,AUD,Materials,asx_listed,Equities
TBN.AX,Tamboran Resources Corporation,equity,Australia,AUD,Energy,asx_listed,Equities
TBR.AX,Tribune Resources Limited,equity,Australia,AUD,Materials,asx_listed,Equities
TCF.AX,360 Capital Mortgage Reit,equity,Australia,AUD,,asx_listed,Equities
TCG.AX,Turaco Gold Limited,equity,Australia,AUD,Materials,asx_listed,Equities
TCL.AX,Transurban Group,equity,Australia,AUD,Industrials,asx_listed,Equities
TCO.AX,Transmetro Corporation Limited,equity,Australia,AUD,Consumer Discretionary,asx_listed,Equities
TD1.AX,Tali Digital Limited,equity,Australia,AUD,Health Care,asx_listed,Equities
TDO.AX,3D Energi Limited,equity,Australia,AUD,Energy,asx_listed,Equities
TEA.AX,Tasmea Limited,equity,Australia,AUD,Industrials,asx_listed,Equities
TEE.AX,Top End Energy Limited,equity,Australia,AUD,Energy,asx_listed,Equities
TEK.AX,Thorney Technologies Ltd,equity,Australia,AUD,,asx_listed,Equities
TEM.AX,Tempest Minerals Limited,equity,Australia,AUD,Materials,asx_listed,Equities
TER.AX,Terracom Limited,equity,Australia,AUD,Energy,asx_listed,Equities
TET.AX,Tetragon Energy Limited,equity,Australia,AUD,Energy,asx_listed,Equities
TFL.AX,Tasfoods Limited,equity,Australia,AUD,Consumer Staples,asx_listed,Equities
TG1.AX,Techgen Metals Ltd,equity,Australia,AUD,Materials,asx_listed,Equities
TG6.AX,Tg Metals Limited,equity,Australia,AUD,Materials,asx_listed,Equities
TGF.AX,Tribeca Global Natural Resources Limited,equity,Australia,AUD,,asx_listed,Equities
TGH.AX,Terragen Holdings Limited,equity,Australia,AUD,Materials,asx_listed,Equities
TGM.AX,Theta Gold Mines Limited,equity,Australia,AUD,Materials,asx_listed,Equities
TGN.AX,Tungsten Mining Nl,equity,Australia,AUD,Materials,asx_listed,Equities
THL.AX,Tourism Holdings Rentals Limited,equity,Australia,AUD,Industrials,asx_listed,Equities
THR.AX,Thor Energy Plc,equity,Australia,AUD,Materials,asx_listed,Equities
TIA.AX,Tian An Australia Limited,equity,Australia,AUD,Real Estate,asx_listed,Equities
TIO.AX,Temas Resources Corp.,equity,Australia,AUD,Materials,asx_listed,Equities
TIP.AX,Teaminvest Private Group Limited,equity,Australia,AUD,Financials,asx_listed,Equities
TKM.AX,Trek Metals Limited,equity,Australia,AUD,Materials,asx_listed,Equities
TLC.AX,The Lottery Corporation Limited,equity,Australia,AUD,Consumer Discretionary,asx_listed,Equities
TLG.AX,Talga Group Ltd,equity,Australia,AUD,Materials,asx_listed,Equities
TLM.AX,Talisman Mining Limited,equity,Australia,AUD,Materials,asx_listed,Equities
TLS.AX,Telstra Group Limited,equity,Australia,AUD,Communication Services,asx_listed,Equities
TLX.AX,Telix Pharmaceuticals Limited,equity,Australia,AUD,Health Care,asx_listed,Equities
TM1.AX,Terra Metals Limited,equity,Australia,AUD,Energy,asx_listed,Equities
TMB.AX,Tambourah Metals Ltd,equity,Australia,AUD,Materials,asx_listed,Equities
TMK.AX,Tmk Energy Limited,equity,Australia,AUD,Energy,asx_listed,Equities
TML.AX,Timah Resources Limited,equity,Australia,AUD,Utilities,asx_listed,Equities
TMS.AX,Tennant Minerals Limited,equity,Australia,AUD,Materials,asx_listed,Equities
TMX.AX,Terrain Minerals Limited,equity,Australia,AUD,Materials,asx_listed,Equities
TNC.AX,True North Copper Limited,equity,Australia,AUD,Materials,asx_listed,Equities
TNE.AX,Technology One Limited,equity,Australia,AUD,Information Technology,asx_listed,Equities
TNY.AX,Tinybeans Group Ltd,equity,Australia,AUD,Communication Services,asx_listed,Equities
TOK.AX,Tolu Minerals Limited.,equity,Australia,AUD,Materials,asx_listed,Equities
TON.AX,Triton Minerals Ltd,equity,Australia,AUD,Materials,asx_listed,Equities
TOP.AX,Thorney Opportunities Ltd,equity,Australia,AUD,,asx_listed,Equities
TOR.AX,Torque Metals Limited..,equity,Australia,AUD,Materials,asx_listed,Equities
TOT.AX,360 Capital Reit,equity,Australia,AUD,Real Estate,asx_listed,Equities
TOU.AX,Tlou Energy Limited,equity,Australia,AUD,Energy,asx_listed,Equities
TPC.AX,Tpc Consolidated Limited,equity,Australia,AUD,Utilities,asx_listed,Equities
TPG.AX,Tpg Telecom Limited.,equity,Australia,AUD,Communication Services,asx_listed,Equities
TPW.AX,Temple & Webster Group Ltd,equity,Australia,AUD,Consumer Discretionary,asx_listed,Equities
TR2.AX,Tali Resources Ltd,equity,Australia,AUD,Materials,asx_listed,Equities
TR8.AX,Tarrina Resources Limited,equity,Australia,AUD,Materials,asx_listed,Equities
TRA.AX,Turners Automotive Group Limited,equity,Australia,AUD,Consumer Discretionary,asx_listed,Equities
TRE.AX,Toubani Resources Limited,equity,Australia,AUD,Materials,asx_listed,Equities
TRI.AX,Trivarx Ltd,equity,Australia,AUD,Health Care,asx_listed,Equities
TRJ.AX,Trajan Group Holdings Limited,equity,Australia,AUD,Health Care,asx_listed,Equities
TRM.AX,Truscott Mining Corporation Limited,equity,Australia,AUD,Materials,asx_listed,Equities
TRP.AX,Tissue Repair Ltd,equity,Australia,AUD,Health Care,asx_listed,Equities
TRU.AX,Truscreen Group Limited,equity,Australia,AUD,Health Care,asx_listed,Equities
TSK.AX,Tusker Minerals Ltd,equity,Australia,AUD,Materials,asx_listed,Equities
TSL.AX,Titanium Sands Limited,equity,Australia,AUD,Materials,asx_listed,Equities
TSO.AX,Tesoro Gold Ltd,equity,Australia,AUD,Materials,asx_listed,Equities
TSR.AX,Turnstone Resources Ltd,equity,Australia,AUD,Materials,asx_listed,Equities
TTM.AX,Titan Minerals Limited,equity,Australia,AUD,Materials,asx_listed,Equities
TTT.AX,Titomic Limited,equity,Australia,AUD,Materials,asx_listed,Equities
TTX.AX,Tetratherix Limited,equity,Australia,AUD,Health Care,asx_listed,Equities
TUA.AX,Tuas Limited,equity,Australia,AUD,Communication Services,asx_listed,Equities
TVL.AX,Touch Ventures Limited,equity,Australia,AUD,Financials,asx_listed,Equities
TVN.AX,Tivan Limited,equity,Australia,AUD,Materials,asx_listed,Equities
TWD.AX,Tamawood Limited,equity,Australia,AUD,Consumer Discretionary,asx_listed,Equities
TWE.AX,Treasury Wine Estates Limited,equity,Australia,AUD,Consumer Staples,asx_listed,Equities
TWL.AX,Trade Window Holdings Limited,equity,Australia,AUD,,asx_listed,Equities
TWR.AX,Tower Limited,equity,Australia,AUD,Financials,asx_listed,Equities
TXR.AX,Talonx Resources Limited,equity,Australia,AUD,Materials,asx_listed,Equities
TYR.AX,Tyro Payments Limited,equity,Australia,AUD,Financials,asx_listed,Equities
TYX.AX,Tyranna Resources Limited,equity,Australia,AUD,Materials,asx_listed,Equities
TZL.AX,Tz Limited,equity,Australia,AUD,Information Technology,asx_listed,Equities
TZN.AX,Terramin Australia Limited.,equity,Australia,AUD,Materials,asx_listed,Equities
UBN.AX,Urbanise.Com Limited,equity,Australia,AUD,Information Technology,asx_listed,Equities
UCM.AX,Uscom Limited,equity,Australia,AUD,Health Care,asx_listed,Equities
UM1.AX,Unity Metals Limited,equity,Australia,AUD,Materials,asx_listed,Equities
UNI.AX,Universal Store Holdings Limited,equity,Australia,AUD,Consumer Discretionary,asx_listed,Equities
UNT.AX,Unith Ltd,equity,Australia,AUD,Communication Services,asx_listed,Equities
UOS.AX,United Overseas Australia Limited,equity,Australia,AUD,Real Estate,asx_listed,Equities
URF.AX,Us Masters Residential Property Fund,equity,Australia,AUD,Real Estate,asx_listed,Equities
USC.AX,Us1 Critical Minerals Limited,equity,Australia,AUD,Materials,asx_listed,Equities
USL.AX,Unico Silver Limited,equity,Australia,AUD,Materials,asx_listed,Equities
USM.AX,Union Star Metals Ltd,equity,Australia,AUD,Materials,asx_listed,Equities
UWC.AX,Underwood Capital Limited,equity,Australia,AUD,,asx_listed,Equities
VAL.AX,Valiant Gold Limited,equity,Australia,AUD,Materials,asx_listed,Equities
VAN.AX,Vantage Metals Limited,equity,Australia,AUD,Materials,asx_listed,Equities
VAU.AX,Vault Minerals Limited,equity,Australia,AUD,Materials,asx_listed,Equities
VBC.AX,Verbrec Limited,equity,Australia,AUD,Industrials,asx_listed,Equities
VBS.AX,Vectus Biosystems Limited,equity,Australia,AUD,Health Care,asx_listed,Equities
VBX.AX,Vbx Limited,equity,Australia,AUD,Materials,asx_listed,Equities
VCX.AX,Vicinity Centres,equity,Australia,AUD,Real Estate,asx_listed,Equities
VEA.AX,Viva Energy Group Limited,equity,Australia,AUD,Energy,asx_listed,Equities
VEE.AX,Veem Ltd,equity,Australia,AUD,Industrials,asx_listed,Equities
VEN.AX,Vintage Energy Ltd,equity,Australia,AUD,Energy,asx_listed,Equities
VFX.AX,Visionflex Group Limited,equity,Australia,AUD,Health Care,asx_listed,Equities
VFY.AX,Vitrafy Life Sciences Limited,equity,Australia,AUD,Health Care,asx_listed,Equities
VGL.AX,Vista Group International Limited.,equity,Australia,AUD,Information Technology,asx_listed,Equities
VGN.AX,Virgin Australia Holdings Limited.,equity,Australia,AUD,Industrials,asx_listed,Equities
VHL.AX,Vitasora Health Limited,equity,Australia,AUD,Health Care,asx_listed,Equities
VHM.AX,Vhm Limited,equity,Australia,AUD,Materials,asx_listed,Equities
VIG.AX,Victor Group Holdings Limited,equity,Australia,AUD,Information Technology,asx_listed,Equities
VIT.AX,Vitura Health Limited,equity,Australia,AUD,Health Care,asx_listed,Equities
VKA.AX,Viking Mines Limited,equity,Australia,AUD,Materials,asx_listed,Equities
VLS.AX,Vita Life Sciences Limited..,equity,Australia,AUD,Health Care,asx_listed,Equities
VMC.AX,Venus Metals Corporation Limited,equity,Australia,AUD,Materials,asx_listed,Equities
VML.AX,Vital Metals Limited,equity,Australia,AUD,Materials,asx_listed,Equities
VMM.AX,Viridis Mining And Minerals Limited,equity,Australia,AUD,Materials,asx_listed,Equities
VMS.AX,Venari Minerals Nl,equity,Australia,AUD,Materials,asx_listed,Equities
VMT.AX,Vmoto Limited,equity,Australia,AUD,Consumer Discretionary,asx_listed,Equities
VNL.AX,Vinyl Group Ltd,equity,Australia,AUD,Information Technology,asx_listed,Equities
VNT.AX,Ventia Services Group Limited,equity,Australia,AUD,Industrials,asx_listed,Equities
VPR.AX,Volt Group Limited,equity,Australia,AUD,Utilities,asx_listed,Equities
VR1.AX,Vection Technologies Ltd,equity,Australia,AUD,Information Technology,asx_listed,Equities
VR8.AX,Vanadium Resources Limited,equity,Australia,AUD,Materials,asx_listed,Equities
VRC.AX,Volt Resources Limited,equity,Australia,AUD,Materials,asx_listed,Equities
VRL.AX,Verity Resources Limited,equity,Australia,AUD,Materials,asx_listed,Equities
VRS.AX,Veris Limited,equity,Australia,AUD,Industrials,asx_listed,Equities
VRX.AX,Vrx Silica Limited,equity,Australia,AUD,Materials,asx_listed,Equities
VSL.AX,Vulcan Steel Limited,equity,Australia,AUD,Materials,asx_listed,Equities
VSR.AX,Voltaic Strategic Resources Ltd,equity,Australia,AUD,Energy,asx_listed,Equities
VTA.AX,Vita Resources Nl,equity,Australia,AUD,Materials,asx_listed,Equities
VTM.AX,Victory Metals Limited,equity,Australia,AUD,Materials,asx_listed,Equities
VTX.AX,Vertex Minerals Limited,equity,Australia,AUD,Materials,asx_listed,Equities
VUL.AX,Vulcan Energy Resources Limited,equity,Australia,AUD,Materials,asx_listed,Equities
VVA.AX,Viva Leisure Limited,equity,Australia,AUD,Consumer Discretionary,asx_listed,Equities
VYS.AX,Vysarn Limited,equity,Australia,AUD,Materials,asx_listed,Equities
W2V.AX,Way 2 Vat Ltd.,equity,Australia,AUD,Information Technology,asx_listed,Equities
WA1.AX,Wa1 Resources Ltd,equity,Australia,AUD,Materials,asx_listed,Equities
WAA.AX,Wam Active Limited,equity,Australia,AUD,,asx_listed,Equities
WAF.AX,West African Resources Limited,equity,Australia,AUD,Materials,asx_listed,Equities
WAG.AX,The Australian Wealth Advisors Group Limited,equity,Australia,AUD,Financials,asx_listed,Equities
WAM.AX,Wam Capital Limited,equity,Australia,AUD,,asx_listed,Equities
WAR.AX,Wam Strategic Value Limited,equity,Australia,AUD,,asx_listed,Equities
WAT.AX,Waterco Limited,equity,Australia,AUD,Consumer Discretionary,asx_listed,Equities
WAU.AX,Wa Gold Limited,equity,Australia,AUD,Materials,asx_listed,Equities
WAX.AX,Wam Research Limited,equity,Australia,AUD,,asx_listed,Equities
WBC.AX,Westpac Banking Corporation,equity,Australia,AUD,Financials,asx_listed,Equities
WBT.AX,Weebit Nano Ltd,equity,Australia,AUD,Information Technology,asx_listed,Equities
WC1.AX,West Cobar Metals Limited,equity,Australia,AUD,Materials,asx_listed,Equities
WC8.AX,Wildcat Resources Limited,equity,Australia,AUD,Materials,asx_listed,Equities
WCE.AX,West Coast Silver Limited,equity,Australia,AUD,Materials,asx_listed,Equities
WCN.AX,White Cliff Minerals Limited,equity,Australia,AUD,Materials,asx_listed,Equities
WDS.AX,Woodside Energy Group Ltd,equity,Australia,AUD,Energy,asx_listed,Equities
WEB.AX,Webbeds Group Limited,equity,Australia,AUD,Consumer Discretionary,asx_listed,Equities
WEC.AX,White Energy Company Limited,equity,Australia,AUD,Energy,asx_listed,Equities
WEL.AX,Winchester Energy Ltd,equity,Australia,AUD,Energy,asx_listed,Equities
WES.AX,Wesfarmers Limited,equity,Australia,AUD,Consumer Discretionary,asx_listed,Equities
WGB.AX,Wam Global Limited,equity,Australia,AUD,,asx_listed,Equities
WGN.AX,Wagners Holding Company Limited,equity,Australia,AUD,Materials,asx_listed,Equities
WGR.AX,Western Gold Resources Limited.,equity,Australia,AUD,Materials,asx_listed,Equities
WGX.AX,Westgold Resources Limited.,equity,Australia,AUD,Materials,asx_listed,Equities
WHC.AX,Whitehaven Coal Limited,equity,Australia,AUD,Energy,asx_listed,Equities
WHF.AX,Whitefield Industrials Limited,equity,Australia,AUD,,asx_listed,Equities
WHI.AX,Whitefield Income Limited,equity,Australia,AUD,,asx_listed,Equities
WHK.AX,Whitehawk Limited,equity,Australia,AUD,Information Technology,asx_listed,Equities
WIA.AX,Wia Gold Limited,equity,Australia,AUD,Materials,asx_listed,Equities
WIN.AX,Win Metals Ltd,equity,Australia,AUD,Materials,asx_listed,Equities
WJL.AX,Webjet Group Limited,equity,Australia,AUD,Consumer Discretionary,asx_listed,Equities
WLC.AX,Whiterock Lithium Corp.,equity,Australia,AUD,Materials,asx_listed,Equities
WLE.AX,Wam Leaders Limited,equity,Australia,AUD,,asx_listed,Equities
WMA.AX,Wam Alternative Assets Limited,equity,Australia,AUD,,asx_listed,Equities
WMG.AX,Western Mines Group Ltd,equity,Australia,AUD,Materials,asx_listed,Equities
WMI.AX,Wam Microcap Limited,equity,Australia,AUD,,asx_listed,Equities
WMX.AX,Wam Income Maximiser Limited,equity,Australia,AUD,,asx_listed,Equities
WNR.AX,Wingara Ag Ltd,equity,Australia,AUD,Consumer Staples,asx_listed,Equities
WNX.AX,Wellnex Life Limited,equity,Australia,AUD,Consumer Staples,asx_listed,Equities
WOA.AX,Wide Open Agriculture Ltd,equity,Australia,AUD,Consumer Staples,asx_listed,Equities
WOR.AX,Worley Limited,equity,Australia,AUD,Industrials,asx_listed,Equities
WOT.AX,Wotso,equity,Australia,AUD,Real Estate,asx_listed,Equities
WOW.AX,Woolworths Group Limited,equity,Australia,AUD,Consumer Staples,asx_listed,Equities
WPR.AX,Waypoint Reit,equity,Australia,AUD,Real Estate,asx_listed,Equities
WQG.AX,Wcm Global Growth Limited,equity,Australia,AUD,,asx_listed,Equities
WRK.AX,Wrkr Ltd,equity,Australia,AUD,Information Technology,asx_listed,Equities
WRX.AX,Western Ridge Resources Limited,equity,Australia,AUD,Materials,asx_listed,Equities
WSI.AX,Weststar Industrial Limited,equity,Australia,AUD,Materials,asx_listed,Equities
WSR.AX,Westar Resources Limited,equity,Australia,AUD,Materials,asx_listed,Equities
WTC.AX,Wisetech Global Limited,equity,Australia,AUD,Information Technology,asx_listed,Equities
WTL.AX,Wt Financial Group Limited,equity,Australia,AUD,Financials,asx_listed,Equities
WTM.AX,Waratah Minerals Limited,equity,Australia,AUD,Materials,asx_listed,Equities
WTN.AX,Winton Land Limited,equity,Australia,AUD,Real Estate,asx_listed,Equities
WWG.AX,Wiseway Group Limited,equity,Australia,AUD,Industrials,asx_listed,Equities
WWI.AX,West Wits Mining Limited,equity,Australia,AUD,Materials,asx_listed,Equities
WYX.AX,Western Yilgarn Nl,equity,Australia,AUD,Materials,asx_listed,Equities
WZR.AX,Wisr Limited,equity,Australia,AUD,Financials,asx_listed,Equities
X2M.AX,X2M Connect Limited,equity,Australia,AUD,Information Technology,asx_listed,Equities
XEN.AX,Xenitra Limited,equity,Australia,AUD,Consumer Discretionary,asx_listed,Equities
XF1.AX,Xref Limited,equity,Australia,AUD,Information Technology,asx_listed,Equities
XGL.AX,Xamble Group Limited,equity,Australia,AUD,Communication Services,asx_listed,Equities
XPD.AX,Xpedra Resources Limited,equity,Australia,AUD,Materials,asx_listed,Equities
XPN.AX,Xpon Technologies Group Limited,equity,Australia,AUD,Information Technology,asx_listed,Equities
XRA.AX,Xenora Minerals Ltd,equity,Australia,AUD,Materials,asx_listed,Equities
XRF.AX,Xrf Scientific Limited,equity,Australia,AUD,Industrials,asx_listed,Equities
XRG.AX,Xreality Group Ltd,equity,Australia,AUD,Consumer Discretionary,asx_listed,Equities
XRO.AX,Xero Limited,equity,Australia,AUD,Information Technology,asx_listed,Equities
XST.AX,Xstate Resources Limited,equity,Australia,AUD,Energy,asx_listed,Equities
XYZ.AX,"Block, Inc.",equity,Australia,AUD,Financials,asx_listed,Equities
YAL.AX,Yancoal Australia Limited,equity,Australia,AUD,Energy,asx_listed,Equities
YAR.AX,Yari Resources Ltd,equity,Australia,AUD,Materials,asx_listed,Equities
YOJ.AX,Yojee Limited,equity,Australia,AUD,Information Technology,asx_listed,Equities
YOW.AX,Yowie Group Ltd,equity,Australia,AUD,Consumer Staples,asx_listed,Equities
YRL.AX,Yandal Resources Limited,equity,Australia,AUD,Materials,asx_listed,Equities
YUG.AX,Yugo Metals Limited,equity,Australia,AUD,Materials,asx_listed,Equities
ZAG.AX,Zuleika Gold Limited,equity,Australia,AUD,Materials,asx_listed,Equities
ZEO.AX,Zeotech Limited,equity,Australia,AUD,Materials,asx_listed,Equities
ZEU.AX,Zeus Resources Limited,equity,Australia,AUD,Energy,asx_listed,Equities
ZGL.AX,Zicom Group Limited,equity,Australia,AUD,Industrials,asx_listed,Equities
ZIM.AX,Zimplats Holdings Limited,equity,Australia,AUD,Materials,asx_listed,Equities
ZIP.AX,Zip Co Limited..,equity,Australia,AUD,Financials,asx_listed,Equities
ZLD.AX,Zelira Therapeutics Limited,equity,Australia,AUD,Health Care,asx_listed,Equities
ZMI.AX,Zinc Of Ireland Limited,equity,Australia,AUD,Materials,asx_listed,Equities
ZMM.AX,Zimi Limited,equity,Australia,AUD,Information Technology,asx_listed,Equities
ZNC.AX,Zenith Minerals Limited,equity,Australia,AUD,Materials,asx_listed,Equities
ZNO.AX,Zoono Group Limited,equity,Australia,AUD,Materials,asx_listed,Equities
